order_id,order_date,days_since_purchase,customer_id,customer_age,customer_gender,product_name,product_id,quantity,price,discounted_price,coupon_code,shipping_city
686800706,10/18/2014,0,1647,0,None,T-shirt,131,8446,50,0,Hooray!! 342AHR,Nebraska
185941302,11/7/2011,0,1536,0,None,Dress,499,3018,93,0,Hooray!! 342AHR,West Virginia
246222341,10/31/2016,0,3256,0,None,Jeans,249,1517,41,0,,New Jersey
161442649,4/10/2010,0,1826,0,None,Shoes,147,3322,48,0,,South Dakota
645713555,8/16/2011,0,3796,0,None,Dress,633,9845,72,0,,Arkansas
683458888,11/24/2014,0,1190,0,None,T-shirt,155,9528,48,0,,Arkansas
679414975,3/4/2015,0,601,0,None,Sweater,37,2844,48,0,,South Carolina
208630645,5/17/2012,0,2011,0,None,T-shirt,907,7299,27,0,,Texas
266467225,1/29/2015,0,3066,0,None,Sweater,226,2428,16,0,,North Dakota
118598544,12/24/2013,0,793,0,None,T-shirt,927,4800,71,0,,New Jersey
451010930,12/29/2015,0,2043,0,None,Sweater,479,3012,51,0,Hooray!! 342AHR,Alabama
220003211,2/27/2010,0,624,0,None,Jeans,379,2694,25,0,,Nevada
702186715,11/17/2016,0,2513,0,None,Shoes,337,1508,80,0,,North Dakota
544485270,12/20/2015,0,3892,0,None,Sweater,289,4146,18,0,Hooray!! 342AHR,Colorado
714135205,1/8/2011,0,345,0,None,T-shirt,394,7332,56,0,,Virginia
448685348,6/28/2010,0,692,0,None,Shoes,871,4820,66,0,,Massachusetts
405997025,4/25/2016,0,2367,0,None,Jeans,183,2397,67,0,,New Mexico
414244067,7/27/2012,0,2052,0,None,Shoes,332,2880,75,0,,Massachusetts
821912801,9/8/2014,0,840,0,None,Jeans,558,1117,23,0,,Illinois
247802054,8/27/2012,0,576,0,None,Shoes,140,8989,40,0,,Nebraska
531023156,9/3/2012,0,786,0,None,Shoes,963,407,21,0,,Louisiana
880999934,8/27/2010,0,3676,0,None,Shoes,625,6313,78,0,,Virginia
127468717,2/20/2011,0,3002,0,None,Jeans,852,9681,83,0,,Montana
770478332,12/12/2015,0,1604,0,None,Dress,74,515,68,0,,Iowa
430390107,10/28/2012,0,2380,0,None,Sweater,504,852,22,0,,South Dakota
397877871,1/30/2017,0,2753,0,None,Sweater,494,9759,82,0,,Colorado
683927953,10/22/2014,0,3797,0,None,T-shirt,697,8334,99,0,,Utah
469839179,1/31/2012,0,2144,0,None,Sweater,956,4709,88,0,,Arkansas
357222878,1/20/2016,0,1372,0,None,T-shirt,782,9043,31,0,Hooray!! 342AHR,Mississippi
118002879,1/1/2016,0,3286,0,None,Jeans,932,8529,68,0,,Hawaii
944415509,6/1/2017,0,394,0,None,Jeans,91,2391,85,0,,Vermont
499009597,6/30/2015,0,3361,0,None,Jeans,783,6884,59,0,,Minnesota
564646470,1/28/2014,0,1453,0,None,Jeans,363,293,33,0,,Colorado
294499957,4/8/2014,0,2261,0,None,Sweater,66,7937,59,0,Hooray!! 342AHR,Missouri
262056386,9/4/2010,0,94,0,None,Shoes,759,7163,65,0,,Florida
211114585,5/2/2010,0,927,0,None,Dress,250,2352,21,0,,Massachusetts
405785882,10/3/2013,0,2914,0,None,Dress,462,9915,34,0,,Wyoming
280494105,3/6/2011,0,665,0,None,Jeans,172,3294,32,0,,Colorado
689975583,8/7/2016,0,294,0,None,T-shirt,655,7963,33,0,Hooray!! 342AHR,Connecticut
759279143,1/11/2011,0,2006,0,None,T-shirt,858,6426,96,0,,Tennessee
133766114,5/21/2014,0,2019,0,None,Sweater,194,3221,92,0,,Arkansas
329110324,8/3/2013,0,202,0,None,T-shirt,854,9913,83,0,,Missouri
681298100,10/5/2011,0,2370,0,None,Shoes,449,103,82,0,,Vermont
596628272,11/15/2016,0,2670,0,None,Jeans,875,4419,52,0,,Illinois
901712167,4/3/2015,0,2269,0,None,Sweater,494,5523,82,0,,Georgia
693473613,3/22/2013,0,124,0,None,T-shirt,11,3107,51,0,,Louisiana
489148938,8/2/2010,0,1345,0,None,Jeans,267,8896,53,0,,New York
876286971,1/5/2012,0,1057,0,None,T-shirt,858,1643,96,0,,Idaho
262749040,8/26/2015,0,2232,0,None,T-shirt,465,2135,17,0,,Utah
726708972,12/9/2016,0,3450,0,None,Jeans,807,8189,31,0,,Kansas
366653096,5/17/2012,0,985,0,None,Sweater,248,9654,81,0,,Utah
951380240,11/17/2010,0,95,0,None,Dress,380,3410,23,0,,Nevada
270001733,11/13/2014,0,1796,0,None,Sweater,672,8368,93,0,Hooray!! 342AHR,Wisconsin
681941401,6/16/2016,0,1871,0,None,Dress,242,470,52,0,Hooray!! 342AHR,Wyoming
566935575,5/31/2016,0,3347,0,None,Jeans,80,7690,21,0,,Oklahoma
175033080,10/6/2012,0,2287,0,None,Sweater,735,5033,28,0,,South Dakota
276595246,3/10/2012,0,445,0,None,T-shirt,847,9535,10,0,Hooray!! 342AHR,California
812295901,1/26/2011,0,409,0,None,Dress,857,5263,93,0,,Alabama
443121373,6/2/2014,0,3088,0,None,Jeans,97,8316,52,0,,North Carolina
600370490,12/17/2016,0,3427,0,None,Sweater,8,1824,64,0,,Oregon
535654580,6/27/2014,0,1228,0,None,T-shirt,180,949,43,0,,Illinois
470897471,3/17/2015,0,2643,0,None,Sweater,887,7881,88,0,,Iowa
248335492,4/3/2013,0,912,0,None,Shoes,767,6846,72,0,,Vermont
680517470,3/8/2015,0,1393,0,None,Sweater,12,9097,91,0,,Arkansas
400304734,6/21/2013,0,1323,0,None,Jeans,809,7921,22,0,,Washington
810871112,1/6/2013,0,160,0,None,Jeans,315,3636,56,0,Hooray!! 342AHR,New Hampshire
235702931,3/17/2012,0,3606,0,None,Jeans,267,8590,53,0,,Alabama
668599021,4/18/2014,0,1699,0,None,Sweater,504,2163,22,0,,Iowa
123670709,1/3/2016,0,1763,0,None,Sweater,12,5766,91,0,,Idaho
285341823,5/12/2011,0,162,0,None,Dress,277,7841,49,0,Hooray!! 342AHR,North Dakota
658348691,7/29/2010,0,3600,0,None,T-shirt,808,8862,26,0,,Kansas
817740142,8/2/2013,0,1115,0,None,Jeans,909,6335,32,0,,New Hampshire
858877503,10/23/2013,0,1911,0,None,T-shirt,191,9794,95,0,,New York
947434604,2/5/2017,0,2683,0,None,Sweater,784,5808,46,0,,North Carolina
869397771,3/20/2015,0,3697,0,None,T-shirt,900,2975,91,0,,Connecticut
481065833,5/6/2012,0,3887,0,None,T-shirt,978,6925,98,0,,Iowa
159050118,9/30/2013,0,845,0,None,Shoes,83,5319,49,0,,Missouri
350274455,5/20/2014,0,1275,0,None,T-shirt,68,2850,76,0,Hooray!! 342AHR,Missouri
221975171,4/9/2010,0,1455,0,None,Shoes,299,6241,21,0,,Georgia
811701095,6/9/2017,0,629,0,None,T-shirt,755,9247,90,0,,Massachusetts
977313554,2/8/2015,0,2045,0,None,T-shirt,365,7653,16,0,,Missouri
546986377,1/25/2010,0,2909,0,None,Shoes,768,4279,95,0,,Texas
769205892,3/7/2010,0,1,0,None,Shoes,848,3972,31,0,,Kentucky
262770926,1/3/2013,0,2670,0,None,Shoes,15,8611,54,0,,Illinois
866792809,3/6/2017,0,3244,0,None,Shoes,147,2109,48,0,Hooray!! 342AHR,Idaho
890695369,1/9/2011,0,3537,0,None,Dress,414,5408,63,0,,Minnesota
964214932,3/27/2014,0,864,0,None,Sweater,293,1480,96,0,,Vermont
887400329,6/28/2013,0,1005,0,None,Dress,775,332,60,0,,Tennessee
980612885,9/4/2011,0,2626,0,None,Shoes,659,3999,21,0,,Colorado
734526431,7/14/2016,0,1798,0,None,T-shirt,938,1549,100,0,,Oregon
160127294,2/23/2014,0,1021,0,None,Dress,96,4079,30,0,,Delaware
238714301,8/7/2010,0,1813,0,None,T-shirt,577,9721,66,0,Hooray!! 342AHR,Nevada
671898782,1/14/2013,0,2774,0,None,Dress,352,8635,71,0,,Arizona
331604564,9/30/2010,0,1193,0,None,Shoes,279,8014,11,0,,Florida
410067975,10/13/2016,0,350,0,None,Sweater,98,7081,61,0,Hooray!! 342AHR,Arizona
369837844,3/16/2011,0,1474,0,None,Sweater,353,2091,78,0,,Wisconsin
193775498,12/26/2012,0,1158,0,None,T-shirt,517,1331,74,0,,Maryland
835054767,9/2/2015,0,2959,0,None,Sweater,903,117,99,0,,Ohio
167161977,11/11/2013,0,775,0,None,Jeans,420,5798,81,0,Hooray!! 342AHR,Nevada
633895957,8/4/2014,0,1555,0,None,Dress,459,2755,10,0,,Utah
699368035,10/21/2010,0,3827,0,None,Jeans,809,7398,22,0,,Montana
698002040,6/13/2015,0,2965,0,None,Dress,891,3170,84,0,Hooray!! 342AHR,Ohio
584534299,3/29/2012,0,3056,0,None,Shoes,563,5544,39,0,,Kansas
384013640,6/22/2012,0,3871,0,None,Shoes,744,7025,97,0,,Ohio
641801393,5/10/2013,0,2791,0,None,Shoes,564,2149,31,0,,Maine
173571383,12/10/2016,0,3644,0,None,Jeans,22,2484,89,0,,Tennessee
115309941,3/20/2011,0,1857,0,None,Jeans,405,1629,30,0,,Arizona
773315894,9/22/2011,0,2030,0,None,Dress,295,213,56,0,,Montana
274200570,5/11/2012,0,2000,0,None,Shoes,403,897,61,0,,Tennessee
414887797,11/15/2011,0,2261,0,None,Shoes,557,3374,85,0,,Missouri
812613904,1/27/2010,0,1305,0,None,T-shirt,584,9367,17,0,,Montana
254927718,8/17/2011,0,1426,0,None,T-shirt,793,7632,82,0,Hooray!! 342AHR,Wyoming
749690568,9/6/2014,0,74,0,None,Jeans,543,8954,86,0,,Hawaii
775076282,9/3/2014,0,182,0,None,Jeans,679,1150,19,0,,Massachusetts
229571187,9/5/2015,0,509,0,None,Dress,695,4071,78,0,,Illinois
881974112,6/20/2011,0,427,0,None,Jeans,486,4594,69,0,,Louisiana
521396386,1/12/2012,0,3809,0,None,Jeans,189,1632,15,0,,Washington
607261836,1/23/2017,0,2966,0,None,Shoes,991,1127,25,0,,Delaware
419306790,3/4/2012,0,467,0,None,Jeans,263,1052,71,0,Hooray!! 342AHR,Vermont
207580077,7/18/2010,0,906,0,None,T-shirt,978,6413,98,0,,Mississippi
742443025,4/12/2011,0,2055,0,None,Jeans,362,4245,15,0,,New Jersey
164569461,10/3/2010,0,863,0,None,T-shirt,755,8615,90,0,,Arkansas
734945714,12/29/2013,0,3208,0,None,Dress,480,5624,70,0,,Arizona
284870612,9/19/2015,0,2645,0,None,Shoes,228,8399,15,0,,New Mexico
765955483,9/17/2011,0,569,0,None,Dress,46,2104,38,0,Hooray!! 342AHR,Utah
600124156,3/11/2010,0,1463,0,None,Dress,88,8929,61,0,Hooray!! 342AHR,Utah
529612958,11/10/2012,0,2426,0,None,Shoes,894,3098,37,0,,North Dakota
466970717,2/16/2011,0,3576,0,None,Sweater,123,5867,65,0,,Kentucky
845058763,8/13/2012,0,801,0,None,T-shirt,427,522,15,0,,Utah
367050921,8/28/2014,0,3326,0,None,Sweater,845,7379,92,0,,Alaska
956433522,8/19/2015,0,2222,0,None,Dress,531,8788,45,0,,Kansas
107005393,3/20/2011,0,3167,0,None,T-shirt,587,4129,50,0,,Georgia
332877862,4/16/2013,0,451,0,None,Sweater,202,4811,40,0,,Connecticut
618474757,11/13/2015,0,1829,0,None,Dress,115,9279,64,0,,New Hampshire
468532407,1/10/2014,0,410,0,None,Shoes,971,8006,45,0,,Minnesota
358099639,4/9/2015,0,1129,0,None,T-shirt,999,8496,68,0,Hooray!! 342AHR,New York
382537782,1/7/2013,0,2235,0,None,T-shirt,78,285,76,0,,New Hampshire
707520663,2/12/2013,0,2128,0,None,Shoes,749,9942,43,0,,North Carolina
219034612,11/28/2014,0,1267,0,None,Dress,775,6064,60,0,,North Dakota
573378455,1/3/2015,0,3836,0,None,Dress,399,4281,37,0,,Pennsylvania
347163522,2/3/2011,0,3523,0,None,Dress,926,2256,73,0,,New Jersey
887313640,4/9/2013,0,2475,0,None,Sweater,862,4679,14,0,,North Carolina
461065137,7/26/2017,0,215,0,None,Dress,569,8275,55,0,,Hawaii
105966842,4/15/2017,0,461,0,None,Dress,3,6798,44,0,,South Carolina
479880082,5/16/2014,0,1219,0,None,Dress,26,6035,21,0,,Pennsylvania
510978686,8/12/2015,0,2279,0,None,Jeans,809,8803,22,0,,Maryland
547748982,9/20/2013,0,1592,0,None,Shoes,824,9951,17,0,Hooray!! 342AHR,South Dakota
108989799,10/31/2013,0,1620,0,None,T-shirt,53,1358,16,0,,Hawaii
133812463,7/30/2014,0,1075,0,None,Shoes,899,6936,85,0,Hooray!! 342AHR,Tennessee
731640803,11/12/2011,0,1686,0,None,Shoes,902,7627,40,0,,Minnesota
732211148,3/25/2010,0,3818,0,None,Sweater,628,6405,64,0,Hooray!! 342AHR,Missouri
835572326,7/4/2011,0,3491,0,None,Sweater,959,3274,45,0,,Oregon
462085664,1/1/2011,0,3332,0,None,T-shirt,969,271,26,0,,California
902424991,6/16/2016,0,2732,0,None,T-shirt,608,6463,51,0,Hooray!! 342AHR,Wisconsin
367576634,12/17/2013,0,3366,0,None,Shoes,563,2949,39,0,,Tennessee
738839423,3/1/2017,0,2796,0,None,Sweater,862,7859,14,0,,Nebraska
817824685,7/2/2010,0,1170,0,None,Dress,387,1353,24,0,Hooray!! 342AHR,Wyoming
376456248,7/16/2013,0,937,0,None,Shoes,83,624,49,0,,Maine
606970441,8/16/2016,0,96,0,None,T-shirt,640,4897,72,0,,Missouri
971916091,12/16/2014,0,3571,0,None,Dress,258,424,14,0,,Louisiana
554154527,5/14/2012,0,1664,0,None,Shoes,732,5494,28,0,,Maine
306859576,7/18/2017,0,564,0,None,Jeans,7,5423,37,0,,Idaho
803517568,7/9/2017,0,2139,0,None,Shoes,61,7559,25,0,,Mississippi
887927329,9/30/2011,0,1987,0,None,Shoes,669,6283,66,0,,Arkansas
824200189,11/24/2015,0,410,0,None,Sweater,965,8006,55,0,,Minnesota
946759974,8/14/2012,0,1610,0,None,Jeans,232,6170,49,0,,Nevada
310343015,12/6/2015,0,3330,0,None,Shoes,233,6249,39,0,,New Jersey
739998137,5/25/2014,0,3671,0,None,Sweater,411,748,67,0,,Vermont
981086671,10/18/2012,0,846,0,None,Jeans,738,4203,100,0,,Michigan
749282443,3/13/2013,0,26,0,None,Jeans,315,8180,56,0,,Texas
280571782,2/23/2011,0,1366,0,None,Dress,333,6280,70,0,,Indiana
781253516,8/15/2014,0,2527,0,None,Dress,422,9131,20,0,,Rhode Island
377938973,7/6/2017,0,3214,0,None,Shoes,790,9396,34,0,Hooray!! 342AHR,Texas
867551982,12/31/2010,0,2684,0,None,Sweater,997,6765,13,0,,Montana
967328870,1/13/2010,0,765,0,None,Sweater,161,2964,67,0,,Virginia
364818465,9/17/2011,0,1441,0,None,Sweater,878,6746,59,0,,Arizona
167882096,3/8/2014,0,2293,0,None,Jeans,585,8898,68,0,,Vermont
654693591,11/18/2012,0,2792,0,None,Shoes,148,7237,82,0,,Iowa
823739278,11/18/2011,0,1198,0,None,Dress,514,1612,47,0,,Vermont
643817985,7/12/2012,0,3109,0,None,Jeans,832,8904,87,0,,Oregon
604041039,3/30/2017,0,869,0,None,T-shirt,763,8022,25,0,,North Carolina
363832271,7/26/2010,0,1725,0,None,T-shirt,723,4909,97,0,,Delaware
102928006,12/24/2015,0,2996,0,None,Sweater,30,7539,99,0,,Virginia
971377074,5/15/2016,0,3192,0,None,T-shirt,81,917,66,0,,Mississippi
139540803,11/3/2010,0,2206,0,None,Jeans,159,2079,50,0,,North Dakota
248093020,12/1/2010,0,339,0,None,Jeans,796,5093,86,0,,Massachusetts
858020055,1/16/2014,0,2112,0,None,Shoes,2,6056,82,0,Hooray!! 342AHR,Missouri
700620734,12/11/2014,0,1370,0,None,Jeans,187,8099,36,0,,Iowa
827506387,12/24/2016,0,3251,0,None,Sweater,218,6384,69,0,Hooray!! 342AHR,Minnesota
560600841,3/21/2013,0,1967,0,None,T-shirt,823,3101,77,0,Hooray!! 342AHR,Indiana
642140424,12/8/2012,0,2287,0,None,Shoes,151,2476,77,0,,South Dakota
984673964,2/13/2015,0,1027,0,None,Sweater,944,5763,49,0,,Virginia
221062791,3/28/2012,0,1567,0,None,Shoes,28,6247,32,0,Hooray!! 342AHR,Wyoming
654480731,10/7/2016,0,2848,0,None,Jeans,439,4247,20,0,Hooray!! 342AHR,Connecticut
608414113,12/15/2011,0,2008,0,None,Shoes,269,2111,100,0,Hooray!! 342AHR,Virginia
276661765,3/8/2016,0,3117,0,None,T-shirt,398,9219,16,0,,Montana
373335015,1/18/2011,0,71,0,None,Jeans,807,6982,31,0,,Alabama
782857692,4/11/2013,0,884,0,None,Jeans,585,3843,68,0,,Pennsylvania
109966123,5/18/2010,0,2264,0,None,Shoes,714,274,35,0,,Indiana
629709136,6/5/2017,0,2690,0,None,Sweater,614,3782,47,0,Hooray!! 342AHR,Wyoming
637448060,9/11/2012,0,2020,0,None,Shoes,15,3901,54,0,,Idaho
298856723,3/8/2017,0,2601,0,None,Shoes,87,7200,41,0,,New York
299921452,1/28/2015,0,1057,0,None,Jeans,45,2278,85,0,,Idaho
496941077,7/26/2010,0,602,0,None,Jeans,203,4763,75,0,,West Virginia
366526925,6/24/2016,0,1079,0,None,Sweater,494,2317,82,0,,Arizona
355602824,8/18/2012,0,3432,0,None,Dress,853,9633,20,0,Hooray!! 342AHR,New Mexico
531405103,3/11/2010,0,341,0,None,Dress,578,3434,48,0,,New Jersey
131482589,1/14/2010,0,2632,0,None,Dress,569,7475,55,0,,Connecticut
713696610,2/10/2014,0,1532,0,None,Jeans,966,7542,66,0,,Mississippi
306220996,1/21/2014,0,1288,0,None,T-shirt,938,6452,100,0,,Utah
157542073,2/28/2010,0,1660,0,None,Dress,260,9055,59,0,,Utah
686458671,2/18/2015,0,42,0,None,Shoes,167,7230,43,0,,Alaska
132082116,6/14/2012,0,3451,0,None,Dress,700,4888,78,0,,Vermont
403836238,3/5/2013,0,2015,0,None,Shoes,654,2972,42,0,,Wisconsin
331457364,4/10/2014,0,844,0,None,Shoes,720,4455,27,0,Hooray!! 342AHR,Pennsylvania
614994323,7/26/2017,0,528,0,None,T-shirt,428,9341,34,0,,South Carolina
674808442,10/19/2010,0,3807,0,None,Dress,371,9669,33,0,,Missouri
901573550,11/8/2016,0,1758,0,None,Jeans,896,4503,80,0,,Michigan
406275975,3/31/2014,0,642,0,None,Sweater,554,4944,51,0,,Alaska
170214545,8/18/2016,0,3425,0,None,Sweater,868,9121,72,0,Hooray!! 342AHR,Florida
795000588,1/3/2016,0,3768,0,None,Sweater,968,7196,46,0,,New York
252557933,10/21/2016,0,1194,0,None,Jeans,363,6360,33,0,,Alaska
635122907,12/10/2016,0,460,0,None,T-shirt,584,5837,17,0,,Maryland
505244338,8/12/2011,0,860,0,None,Dress,1,1882,40,0,,Wisconsin
745783555,3/23/2012,0,2600,0,None,T-shirt,640,2782,72,0,,Vermont
509914386,4/27/2012,0,1877,0,None,Jeans,791,3853,58,0,,Illinois
371123158,1/29/2014,0,2016,0,None,Dress,926,2445,73,0,,Virginia
973208701,12/13/2016,0,1196,0,None,Jeans,211,2936,50,0,,Texas
780282342,11/21/2013,0,3756,0,None,Sweater,324,1739,18,0,,Pennsylvania
126767909,4/7/2010,0,888,0,None,Sweater,781,2296,85,0,,Minnesota
767401731,7/8/2012,0,1119,0,None,Shoes,929,80,33,0,,Indiana
927232635,10/15/2016,0,2902,0,None,Jeans,571,7597,23,0,,Alabama
251621949,9/18/2012,0,2789,0,None,Shoes,216,9381,57,0,,Rhode Island
256243503,7/2/2017,0,97,0,None,Dress,387,7002,24,0,,Delaware
277083623,7/21/2011,0,2368,0,None,Shoes,464,4056,74,0,,North Dakota
620441138,6/1/2010,0,567,0,None,Dress,473,1175,51,0,,Alabama
312927377,7/26/2015,0,2366,0,None,Shoes,337,1020,80,0,,Wyoming
251466166,8/6/2010,0,3587,0,None,T-shirt,949,3282,96,0,,Idaho
953293836,6/20/2010,0,2176,0,None,Dress,839,9685,68,0,,Nebraska
305959212,4/8/2012,0,1239,0,None,Shoes,625,8985,78,0,,Wyoming
317323625,2/27/2014,0,1962,0,None,Sweater,285,1967,80,0,,Nevada
365560901,7/25/2011,0,1027,0,None,Jeans,431,6449,18,0,,Virginia
349157369,2/18/2016,0,3126,0,None,Sweater,675,2279,29,0,,Oregon
236911857,1/24/2014,0,1723,0,None,Jeans,241,6338,21,0,Hooray!! 342AHR,Massachusetts
517935693,5/10/2015,0,967,0,None,Jeans,103,7536,84,0,,Kentucky
851652705,2/13/2012,0,1965,0,None,Jeans,961,1816,40,0,,West Virginia
517799222,9/7/2012,0,3662,0,None,Sweater,84,7151,42,0,,Kansas
666424071,2/4/2015,0,2910,0,None,T-shirt,819,8547,41,0,Hooray!! 342AHR,Louisiana
267888581,11/16/2010,0,36,0,None,Jeans,751,3039,72,0,,Massachusetts
162866580,7/20/2011,0,1271,0,None,Jeans,652,4695,74,0,,West Virginia
812344396,7/26/2014,0,667,0,None,Dress,40,9614,26,0,,Colorado
947620856,8/24/2014,0,2543,0,None,Sweater,226,924,16,0,,Arkansas
720307290,2/25/2015,0,58,0,None,Dress,46,3789,38,0,Hooray!! 342AHR,West Virginia
352327525,9/21/2016,0,3278,0,None,Dress,294,399,89,0,Hooray!! 342AHR,Texas
585917890,6/28/2013,0,3330,0,None,Dress,485,4979,70,0,Hooray!! 342AHR,New Jersey
433627212,1/5/2012,0,1111,0,None,Shoes,179,8783,53,0,,Texas
328316819,5/1/2012,0,3435,0,None,Dress,59,5098,93,0,,Ohio
773160541,10/13/2011,0,2016,0,None,Sweater,244,4240,85,0,,Virginia
991644704,4/27/2016,0,1708,0,None,Jeans,346,8559,19,0,Hooray!! 342AHR,Nevada
277568137,1/19/2014,0,629,0,None,Jeans,597,7435,38,0,,Massachusetts
245042169,11/6/2016,0,694,0,None,Dress,304,2278,85,0,,Vermont
778490626,2/28/2011,0,3468,0,None,Sweater,925,1531,69,0,,Texas
482649838,10/11/2014,0,3779,0,None,Dress,489,5668,37,0,,South Dakota
732568633,6/25/2012,0,3150,0,None,T-shirt,645,2193,98,0,,North Carolina
723608338,11/6/2012,0,359,0,None,Sweater,733,642,75,0,,Minnesota
621442782,2/24/2014,0,1391,0,None,Jeans,701,7584,17,0,,Arkansas
212058293,9/19/2015,0,1716,0,None,Sweater,951,1616,62,0,,Idaho
251753699,3/4/2014,0,2661,0,None,Jeans,537,8369,68,0,Hooray!! 342AHR,South Carolina
217140328,10/8/2014,0,2720,0,None,T-shirt,622,5503,45,0,,Louisiana
555142009,6/19/2012,0,1171,0,None,Shoes,348,7712,76,0,Hooray!! 342AHR,Illinois
432995069,11/11/2010,0,2845,0,None,Jeans,635,1718,29,0,Hooray!! 342AHR,New Mexico
888248336,11/1/2010,0,770,0,None,T-shirt,544,1276,77,0,,Delaware
778763139,4/28/2014,0,1114,0,None,Jeans,941,2173,70,0,,Maryland
832713305,12/22/2012,0,1442,0,None,T-shirt,343,7227,91,0,,Nebraska
498585164,8/25/2014,0,437,0,None,Jeans,208,1285,79,0,Hooray!! 342AHR,Tennessee
195177543,11/26/2016,0,2511,0,None,T-shirt,589,6227,99,0,,South Dakota
861601769,10/20/2010,0,3680,0,None,Jeans,497,5965,30,0,,Idaho
807281672,12/18/2014,0,3879,0,None,Jeans,592,1441,47,0,Hooray!! 342AHR,South Carolina
661953580,3/20/2011,0,191,0,None,Jeans,112,5629,15,0,,Indiana
225666320,7/12/2016,0,3511,0,None,T-shirt,800,8534,38,0,Hooray!! 342AHR,Pennsylvania
718781220,1/26/2011,0,1720,0,None,Sweater,494,2191,82,0,,Maryland
731972110,2/24/2010,0,809,0,None,Jeans,104,5668,24,0,,Wisconsin
276225316,1/2/2015,0,134,0,None,Dress,469,64,95,0,,Montana
332839667,7/26/2016,0,370,0,None,Shoes,235,3509,50,0,,Wisconsin
603426492,6/1/2014,0,1805,0,None,Sweater,593,6163,89,0,,Louisiana
859909617,12/21/2012,0,3684,0,None,T-shirt,129,5220,85,0,,Mississippi
494525372,2/27/2010,0,889,0,None,T-shirt,604,9902,10,0,,New Hampshire
769822585,4/24/2016,0,2918,0,None,Dress,231,6465,33,0,,Colorado
768662583,7/22/2012,0,704,0,None,Jeans,314,3195,94,0,,Connecticut
544219195,2/22/2015,0,188,0,None,Dress,491,5409,42,0,Hooray!! 342AHR,Georgia
669978749,2/10/2011,0,1975,0,None,Sweater,411,455,67,0,,Tennessee
889740073,1/21/2015,0,1735,0,None,Shoes,1000,2715,79,0,,Missouri
567614495,5/10/2012,0,3387,0,None,T-shirt,666,8598,76,0,,Michigan
938025844,12/16/2015,0,1642,0,None,Jeans,617,1547,77,0,,Colorado
155710446,2/25/2017,0,1660,0,None,Dress,16,7036,27,0,,Utah
945717132,1/31/2012,0,43,0,None,T-shirt,562,7570,29,0,,Tennessee
253407227,2/7/2013,0,1284,0,None,Dress,776,7685,86,0,Hooray!! 342AHR,Oregon
494454562,9/14/2014,0,2486,0,None,Dress,964,8948,31,0,Hooray!! 342AHR,Louisiana
104845464,6/5/2012,0,367,0,None,Sweater,202,4957,40,0,,Nebraska
290878760,4/5/2014,0,1706,0,None,Sweater,887,6344,88,0,Hooray!! 342AHR,South Dakota
979165780,2/2/2014,0,2398,0,None,Dress,399,5768,37,0,Hooray!! 342AHR,West Virginia
366630351,9/1/2010,0,278,0,None,Shoes,216,2923,57,0,,Georgia
770508801,5/17/2011,0,2658,0,None,T-shirt,859,9532,44,0,Hooray!! 342AHR,Texas
978349959,4/21/2013,0,3721,0,None,Dress,601,4349,44,0,,South Carolina
298015153,8/10/2014,0,1547,0,None,Jeans,189,8161,15,0,,Oregon
807678210,9/19/2010,0,2935,0,None,Jeans,842,8786,44,0,,Idaho
605825459,4/13/2013,0,1356,0,None,Jeans,875,6071,52,0,Hooray!! 342AHR,Florida
561255729,1/28/2016,0,319,0,None,Jeans,281,6897,67,0,Hooray!! 342AHR,South Dakota
263080346,12/9/2013,0,2424,0,None,Jeans,789,175,99,0,,West Virginia
270723140,2/21/2014,0,2416,0,None,Shoes,676,1848,11,0,,Hawaii
763920438,6/9/2017,0,3794,0,None,Jeans,33,9888,89,0,,Delaware
192721068,4/17/2014,0,1891,0,None,Jeans,551,9302,83,0,,Hawaii
227486360,5/20/2011,0,2690,0,None,Shoes,424,7124,45,0,Hooray!! 342AHR,Wyoming
808890140,8/28/2012,0,719,0,None,T-shirt,736,7422,94,0,,Florida
597918736,7/25/2015,0,3799,0,None,T-shirt,129,6296,85,0,,Rhode Island
125870978,10/27/2014,0,2986,0,None,Shoes,773,6874,74,0,,Hawaii
444358193,10/18/2013,0,2707,0,None,T-shirt,331,4319,25,0,,Alabama
875304210,2/15/2013,0,3071,0,None,Jeans,706,822,69,0,,Alabama
360945355,7/8/2014,0,2957,0,None,Jeans,753,607,86,0,,Montana
613830459,12/12/2016,0,2554,0,None,T-shirt,224,4928,88,0,,Vermont
266820847,11/24/2012,0,1829,0,None,Jeans,101,7073,95,0,,New Hampshire
723090350,11/3/2014,0,2550,0,None,Shoes,447,7358,27,0,,Virginia
306125295,8/3/2013,0,3150,0,None,Shoes,668,8132,11,0,,North Carolina
109724509,5/23/2012,0,2958,0,None,Shoes,19,8775,54,0,,South Dakota
847999322,7/22/2015,0,2225,0,None,Shoes,629,699,95,0,,Nebraska
605373561,2/1/2017,0,2175,0,None,Jeans,401,2344,93,0,,Colorado
686583554,1/28/2012,0,1138,0,None,Dress,560,4186,99,0,Hooray!! 342AHR,New Mexico
666678130,8/3/2015,0,2837,0,None,T-shirt,204,3729,81,0,,Wyoming
641018617,6/23/2013,0,2434,0,None,Jeans,232,508,49,0,Hooray!! 342AHR,Oregon
775278842,8/3/2011,0,3126,0,None,Shoes,15,1093,54,0,,Oregon
855445134,10/30/2016,0,1864,0,None,Dress,359,4080,68,0,Hooray!! 342AHR,Connecticut
737816321,9/5/2010,0,1563,0,None,T-shirt,600,5100,97,0,,Alabama
799003732,7/13/2013,0,3358,0,None,Jeans,105,1815,52,0,,Arkansas
585931193,10/9/2012,0,1618,0,None,Shoes,377,8916,54,0,,Wisconsin
165835034,1/3/2012,0,3179,0,None,Shoes,144,3127,57,0,,Washington
576264083,2/8/2012,0,1213,0,None,Dress,82,8203,31,0,,Pennsylvania
675079667,1/3/2015,0,263,0,None,Jeans,895,9930,88,0,,Hawaii
290455615,5/13/2012,0,1307,0,None,Shoes,693,1126,62,0,,Alaska
670878255,1/13/2012,0,3623,0,None,Sweater,441,6639,50,0,,Wisconsin
435146415,7/30/2011,0,1193,0,None,Dress,818,8349,36,0,Hooray!! 342AHR,Florida
522371423,3/13/2017,0,43,0,None,Sweater,547,167,89,0,Hooray!! 342AHR,Tennessee
141977107,3/23/2017,0,2247,0,None,Sweater,878,3036,59,0,,Hawaii
823699796,3/16/2016,0,2764,0,None,T-shirt,570,9929,54,0,,West Virginia
567588317,12/18/2015,0,2976,0,None,Jeans,751,851,72,0,Hooray!! 342AHR,Georgia
594003999,10/25/2011,0,1500,0,None,Dress,722,7838,73,0,,Georgia
393620669,6/30/2011,0,3251,0,None,Sweater,293,9958,96,0,Hooray!! 342AHR,Minnesota
877424657,3/27/2016,0,2413,0,None,Shoes,861,8309,98,0,,Oregon
326714789,12/23/2016,0,2702,0,None,Shoes,958,1021,16,0,,Idaho
243102395,4/18/2013,0,3710,0,None,Jeans,311,8256,55,0,,Utah
398511302,3/8/2017,0,393,0,None,Dress,695,7205,78,0,,Idaho
185177838,6/3/2011,0,1846,0,None,Shoes,561,7092,96,0,,Delaware
865650832,11/30/2013,0,2294,0,None,Jeans,174,4173,80,0,,Georgia
622791612,5/11/2013,0,1997,0,None,Dress,480,6733,70,0,,South Dakota
409774005,11/13/2010,0,1060,0,None,Jeans,178,89,26,0,,North Carolina
800084340,3/9/2016,0,2947,0,None,T-shirt,451,1591,69,0,,Hawaii
637521445,8/19/2013,0,3869,0,None,Jeans,922,5618,45,0,,Maryland
186196649,4/19/2011,0,1733,0,None,Shoes,651,8581,16,0,Hooray!! 342AHR,Rhode Island
680533778,7/20/2014,0,128,0,None,Shoes,188,3923,44,0,,Mississippi
275269162,9/8/2014,0,1309,0,None,Shoes,151,7117,77,0,Hooray!! 342AHR,Rhode Island
795451629,6/4/2015,0,243,0,None,Sweater,244,668,85,0,,New York
986442506,12/19/2013,0,853,0,None,Dress,722,9113,73,0,,Florida
563915622,5/18/2012,0,3841,0,None,Dress,898,4019,44,0,,Idaho
663857305,10/12/2013,0,2532,0,None,T-shirt,436,8984,99,0,Hooray!! 342AHR,Texas
692566382,1/2/2011,0,1628,0,None,Sweater,519,4638,29,0,,Maine
576654183,2/2/2013,0,2344,0,None,Shoes,464,3642,74,0,,Maryland
313044536,3/19/2011,0,1332,0,None,Sweater,933,5689,76,0,,Maryland
418973767,10/3/2012,0,1192,0,None,Dress,505,2503,75,0,,Indiana
581990706,10/23/2014,0,3742,0,None,T-shirt,129,2838,85,0,,Arizona
109956681,7/12/2015,0,594,0,None,T-shirt,478,7480,12,0,,Alaska
181045520,5/6/2010,0,236,0,None,Jeans,751,4247,72,0,,New Jersey
693743550,11/27/2010,0,3776,0,None,Shoes,644,2988,79,0,,South Dakota
716849601,12/26/2010,0,3319,0,None,Dress,176,582,91,0,,North Dakota
739474999,12/30/2012,0,1214,0,None,Sweater,139,5940,45,0,Hooray!! 342AHR,Kentucky
421043574,8/21/2016,0,3286,0,None,T-shirt,885,5005,94,0,,Hawaii
841291654,2/3/2015,0,1202,0,None,Shoes,58,5751,61,0,,Illinois
450268065,12/19/2013,0,1062,0,None,Shoes,750,3181,57,0,,Idaho
918334138,5/12/2012,0,3586,0,None,T-shirt,73,4334,34,0,,New York
386163699,3/28/2014,0,2244,0,None,Shoes,889,3275,25,0,,Massachusetts
214743077,1/11/2017,0,312,0,None,Sweater,192,6103,87,0,,Rhode Island
935371100,6/21/2015,0,492,0,None,Jeans,806,5949,11,0,,Vermont
899659097,11/29/2012,0,3366,0,None,Shoes,461,7974,93,0,Hooray!! 342AHR,Tennessee
329530894,1/1/2010,0,3067,0,None,Dress,849,4369,60,0,,Michigan
867222821,1/6/2016,0,3898,0,None,Dress,912,9359,22,0,Hooray!! 342AHR,New Jersey
625283706,10/14/2014,0,2342,0,None,T-shirt,846,4199,26,0,Hooray!! 342AHR,Connecticut
936574876,12/9/2013,0,1240,0,None,T-shirt,5,2173,79,0,,New Jersey
504270160,10/19/2010,0,2311,0,None,Jeans,401,3601,93,0,,Virginia
351855885,5/2/2011,0,931,0,None,Jeans,251,830,87,0,,Hawaii
673130881,3/17/2011,0,1823,0,None,Jeans,811,3241,63,0,,Connecticut
382206475,9/24/2014,0,3535,0,None,Jeans,383,2244,86,0,Hooray!! 342AHR,Delaware
263506495,12/1/2015,0,1926,0,None,Jeans,24,6283,15,0,,Utah
721767270,6/2/2017,0,3774,0,None,T-shirt,643,5829,42,0,,Wisconsin
432037627,8/4/2011,0,19,0,None,Sweater,334,8390,16,0,,Montana
389678895,7/29/2014,0,917,0,None,Dress,414,3499,63,0,,Illinois
760364902,1/26/2017,0,2782,0,None,Dress,327,7726,72,0,,Mississippi
430081975,11/5/2010,0,3487,0,None,Dress,700,9669,78,0,,North Carolina
155128943,3/26/2015,0,406,0,None,Dress,583,4957,64,0,Hooray!! 342AHR,South Carolina
312117135,10/7/2012,0,3302,0,None,Sweater,882,1251,57,0,,Oklahoma
447970378,7/22/2013,0,2119,0,None,Jeans,807,3245,31,0,,Georgia
629925000,8/16/2013,0,3771,0,None,Shoes,476,7661,70,0,,Montana
995529830,11/5/2013,0,1492,0,None,Sweater,698,8254,85,0,,Arkansas
402646195,3/1/2016,0,2069,0,None,Jeans,652,812,74,0,Hooray!! 342AHR,Vermont
479447925,3/25/2012,0,1978,0,None,Jeans,223,8150,73,0,,Florida
674421346,6/20/2017,0,3650,0,None,T-shirt,38,5118,76,0,,Minnesota
506365287,4/18/2014,0,905,0,None,Jeans,467,3596,69,0,,Alaska
914391076,6/28/2016,0,755,0,None,Dress,515,7494,64,0,Hooray!! 342AHR,North Carolina
207922542,5/20/2012,0,2954,0,None,Dress,582,7755,70,0,Hooray!! 342AHR,Maryland
816696012,2/4/2014,0,1924,0,None,Sweater,765,7353,86,0,,Nebraska
740760314,11/15/2015,0,3249,0,None,Shoes,724,6293,57,0,,Pennsylvania
300476777,1/11/2013,0,525,0,None,Shoes,94,6610,21,0,,Pennsylvania
786519229,4/24/2013,0,447,0,None,Dress,812,7373,23,0,Hooray!! 342AHR,West Virginia
409873998,5/15/2010,0,1783,0,None,Sweater,244,9679,85,0,Hooray!! 342AHR,Utah
151839911,4/17/2010,0,1647,0,None,Sweater,123,1659,65,0,,Nebraska
614028298,8/25/2012,0,830,0,None,T-shirt,164,3473,68,0,,Idaho
668362987,4/19/2014,0,543,0,None,Shoes,744,2315,97,0,Hooray!! 342AHR,Illinois
607080304,2/26/2013,0,1063,0,None,Sweater,492,7408,69,0,Hooray!! 342AHR,Ohio
792729079,12/28/2011,0,2227,0,None,T-shirt,438,5006,86,0,,Missouri
308170640,8/21/2014,0,2058,0,None,Jeans,867,3395,90,0,Hooray!! 342AHR,South Dakota
106578814,8/21/2014,0,1663,0,None,Jeans,796,7894,86,0,,New Mexico
761439931,3/2/2014,0,174,0,None,Jeans,31,5851,37,0,,Hawaii
216552817,9/6/2012,0,3492,0,None,Shoes,144,1646,57,0,,Maine
536028802,9/16/2010,0,3243,0,None,Dress,707,1689,68,0,Hooray!! 342AHR,Oregon
254291713,8/13/2013,0,523,0,None,Jeans,657,9424,87,0,,Minnesota
226077878,9/11/2012,0,1210,0,None,Shoes,397,323,94,0,,Pennsylvania
476436126,8/31/2011,0,1549,0,None,T-shirt,599,6892,80,0,,Maryland
650727784,4/21/2015,0,2688,0,None,T-shirt,442,3667,74,0,Hooray!! 342AHR,Delaware
464626681,7/11/2010,0,3388,0,None,Shoes,744,2215,97,0,,New Jersey
154119145,8/9/2015,0,412,0,None,Dress,582,6135,70,0,,Michigan
925504004,10/17/2015,0,2231,0,None,Jeans,921,6057,24,0,,Colorado
905392587,7/24/2012,0,1583,0,None,Shoes,461,4641,93,0,,Hawaii
990708720,3/25/2012,0,3393,0,None,Jeans,865,1581,80,0,,New Jersey
798688733,8/11/2014,0,2033,0,None,Dress,280,8600,19,0,,South Carolina
916881453,10/15/2016,0,3379,0,None,Sweater,593,4452,89,0,,Minnesota
653148210,12/3/2016,0,1307,0,None,Dress,538,9924,94,0,,Alaska
285662829,6/12/2010,0,954,0,None,Dress,983,2834,50,0,,Utah
612911641,7/29/2016,0,17,0,None,Dress,387,3030,24,0,Hooray!! 342AHR,Alabama
703693473,12/9/2013,0,1729,0,None,Jeans,751,7391,72,0,,Wyoming
147119653,7/12/2012,0,1299,0,None,Shoes,148,4829,82,0,,Indiana
402614009,1/14/2012,0,1892,0,None,T-shirt,954,1287,74,0,,New Hampshire
749912869,3/20/2013,0,1482,0,None,Sweater,244,4738,85,0,,Maryland
539065062,2/10/2014,0,2769,0,None,Shoes,767,186,72,0,,Kansas
540431916,10/26/2013,0,1765,0,None,T-shirt,977,4668,91,0,,Delaware
694687259,4/16/2016,0,2388,0,None,Jeans,400,2252,91,0,,Tennessee
562817418,5/27/2011,0,1526,0,None,Dress,138,9036,23,0,Hooray!! 342AHR,Oregon
676121222,8/4/2016,0,2517,0,None,T-shirt,434,8149,22,0,,Utah
286210000,7/3/2012,0,164,0,None,T-shirt,389,4754,91,0,,Virginia
515007579,12/4/2014,0,2416,0,None,Shoes,65,1042,33,0,,Hawaii
304750287,5/31/2010,0,1626,0,None,T-shirt,640,1237,72,0,,Minnesota
467986953,2/5/2013,0,1050,0,None,Shoes,236,6594,44,0,,Virginia
537578904,6/15/2015,0,671,0,None,T-shirt,436,399,99,0,,Louisiana
116699969,10/21/2014,0,93,0,None,Jeans,795,2969,30,0,,Texas
228836476,2/13/2017,0,1572,0,None,Sweater,959,6653,45,0,,Colorado
167787253,6/29/2010,0,2649,0,None,T-shirt,430,832,92,0,,Illinois
647663629,5/19/2014,0,540,0,None,Sweater,443,6915,11,0,,Wyoming
652889430,3/21/2015,0,3792,0,None,Sweater,416,3346,92,0,,Texas
588200986,8/31/2015,0,3021,0,None,T-shirt,524,598,47,0,,Arkansas
928647124,8/23/2015,0,2996,0,None,T-shirt,296,6176,25,0,,Virginia
869589173,2/24/2016,0,2943,0,None,Sweater,475,9615,69,0,Hooray!! 342AHR,Hawaii
576700961,6/17/2015,0,2569,0,None,Jeans,316,7485,68,0,,Texas
735968816,11/27/2012,0,143,0,None,Jeans,425,8382,96,0,,Nebraska
303691565,9/7/2012,0,1962,0,None,Sweater,492,7938,69,0,Hooray!! 342AHR,Nevada
556480538,6/23/2012,0,1786,0,None,Shoes,866,3812,66,0,,Iowa
141259562,10/23/2014,0,1583,0,None,Shoes,412,698,63,0,,Hawaii
925264966,9/18/2015,0,1875,0,None,Sweater,733,5320,75,0,,Indiana
346045577,1/24/2016,0,556,0,None,Sweater,218,1431,69,0,,Maine
861462724,3/23/2010,0,3500,0,None,T-shirt,873,4818,27,0,,New Jersey
499690234,7/26/2012,0,3740,0,None,Shoes,790,8299,34,0,,Idaho
509214437,10/20/2015,0,458,0,None,Sweater,928,6722,10,0,,Rhode Island
408834159,6/27/2017,0,2458,0,None,Shoes,142,1968,38,0,Hooray!! 342AHR,Delaware
237660729,4/4/2016,0,3036,0,None,Shoes,305,7946,90,0,,Kentucky
105117976,8/5/2015,0,1081,0,None,Dress,719,5600,34,0,,Pennsylvania
640942227,6/16/2012,0,2587,0,None,Sweater,55,7903,76,0,,Maine
745182311,4/3/2016,0,2209,0,None,Dress,778,4860,80,0,,Colorado
738199555,9/21/2014,0,1429,0,None,T-shirt,539,8508,10,0,,North Dakota
110667788,8/8/2015,0,2755,0,None,T-shirt,704,7913,38,0,,New Jersey
673573338,7/19/2012,0,3445,0,None,Jeans,97,4174,52,0,Hooray!! 342AHR,Rhode Island
708215034,8/26/2011,0,2768,0,None,Jeans,303,5421,94,0,Hooray!! 342AHR,Iowa
816204202,6/23/2012,0,262,0,None,Shoes,506,1816,51,0,,California
769464671,11/20/2011,0,1422,0,None,Jeans,374,550,20,0,,Pennsylvania
860232770,5/13/2015,0,3136,0,None,T-shirt,950,848,86,0,,Indiana
551057326,7/16/2010,0,2338,0,None,T-shirt,950,8963,86,0,,North Dakota
724799668,5/21/2016,0,2571,0,None,Shoes,4,3183,23,0,,New Mexico
534633624,4/22/2011,0,1410,0,None,Shoes,237,8825,58,0,Hooray!! 342AHR,Idaho
554045522,8/14/2012,0,2519,0,None,Jeans,319,3237,61,0,,Maine
526834189,3/17/2012,0,2798,0,None,T-shirt,11,799,51,0,,Oklahoma
717110955,8/6/2010,0,330,0,None,Shoes,837,7922,50,0,,Nevada
559299647,2/25/2013,0,2207,0,None,Shoes,799,8049,20,0,,Illinois
908136594,3/6/2011,0,2849,0,None,Jeans,281,6654,67,0,,Wisconsin
888670623,12/14/2015,0,3121,0,None,Jeans,31,6240,37,0,,Louisiana
146263062,2/10/2017,0,521,0,None,Dress,52,1345,59,0,,South Carolina
196587741,9/20/2016,0,3294,0,None,Shoes,906,3536,23,0,,West Virginia
375630986,4/30/2010,0,528,0,None,Shoes,720,6411,27,0,Hooray!! 342AHR,South Carolina
989691627,6/25/2013,0,1166,0,None,Shoes,2,600,82,0,Hooray!! 342AHR,Wisconsin
165380990,7/4/2012,0,732,0,None,Sweater,765,8765,86,0,,Arkansas
599622905,9/21/2013,0,2612,0,None,Jeans,183,597,67,0,Hooray!! 342AHR,Michigan
109653699,12/8/2016,0,2903,0,None,T-shirt,421,7821,89,0,Hooray!! 342AHR,North Carolina
183022201,9/2/2011,0,1145,0,None,Dress,531,9191,45,0,,South Carolina
127589738,3/21/2011,0,716,0,None,Shoes,732,5494,28,0,,Delaware
221530139,1/8/2011,0,507,0,None,T-shirt,642,4546,22,0,,Georgia
363329732,2/22/2015,0,2214,0,None,T-shirt,113,6197,60,0,,Hawaii
521787345,5/15/2017,0,415,0,None,T-shirt,435,7325,47,0,,Wyoming
286014306,7/14/2012,0,1935,0,None,Jeans,657,6844,87,0,Hooray!! 342AHR,Michigan
215434443,6/25/2015,0,3608,0,None,Sweater,443,694,11,0,,New Mexico
489784085,10/26/2011,0,1479,0,None,Shoes,746,6850,21,0,,Washington
459112060,9/24/2014,0,1433,0,None,Jeans,420,316,81,0,,Florida
893779695,9/30/2015,0,1144,0,None,Shoes,323,8128,95,0,Hooray!! 342AHR,Nevada
834460818,3/31/2011,0,2170,0,None,Dress,491,4355,42,0,,Florida
742141759,10/25/2013,0,3231,0,None,Jeans,855,5093,88,0,,Kansas
248121345,8/12/2010,0,3229,0,None,Dress,984,3475,64,0,,Connecticut
404010903,7/26/2012,0,1878,0,None,Dress,52,4659,59,0,,Pennsylvania
531734263,9/30/2012,0,3119,0,None,Sweater,55,840,76,0,,Virginia
473527753,11/9/2012,0,3835,0,None,Shoes,381,6240,23,0,,Tennessee
141940200,11/19/2011,0,885,0,None,Shoes,759,2114,65,0,Hooray!! 342AHR,Hawaii
869832932,6/9/2017,0,3290,0,None,Shoes,358,1749,55,0,,Montana
460379779,9/17/2011,0,2696,0,None,T-shirt,697,5462,99,0,,Tennessee
837067067,10/23/2015,0,1824,0,None,Sweater,69,5602,74,0,Hooray!! 342AHR,Louisiana
393693625,4/3/2010,0,486,0,None,Shoes,702,1547,58,0,,Tennessee
744370782,7/3/2014,0,1106,0,None,Shoes,15,4711,54,0,,Massachusetts
873522365,12/30/2014,0,286,0,None,Dress,295,3534,56,0,,Kentucky
285884702,5/19/2014,0,869,0,None,T-shirt,577,8491,66,0,,North Carolina
356506621,8/4/2012,0,388,0,None,Jeans,831,7086,37,0,,Georgia
280749452,8/15/2010,0,2696,0,None,Sweater,916,8856,91,0,,Tennessee
224287021,4/26/2014,0,2078,0,None,Shoes,111,368,55,0,,Nebraska
873105657,6/10/2015,0,2958,0,None,Jeans,363,221,33,0,,South Dakota
283504188,8/12/2010,0,2103,0,None,Shoes,827,4044,92,0,,Idaho
632093942,8/28/2012,0,674,0,None,Dress,805,9499,84,0,,Oklahoma
565798747,7/15/2016,0,452,0,None,Sweater,672,1277,93,0,,Virginia
151854932,9/14/2010,0,2832,0,None,Sweater,614,6104,47,0,Hooray!! 342AHR,Virginia
427811324,3/7/2011,0,1288,0,None,Dress,474,7733,68,0,,Utah
251529252,4/30/2012,0,3524,0,None,T-shirt,388,1950,86,0,,Nevada
351182544,5/18/2013,0,3884,0,None,Jeans,211,1574,50,0,,North Dakota
175257527,8/10/2014,0,507,0,None,Shoes,447,1452,27,0,,Georgia
142553031,7/31/2013,0,2757,0,None,T-shirt,694,3465,51,0,,Minnesota
292180383,7/2/2016,0,3118,0,None,Dress,734,1523,80,0,,Florida
733563411,9/13/2011,0,1530,0,None,Shoes,28,6569,32,0,,Georgia
296438443,4/18/2011,0,3256,0,None,Dress,231,1578,33,0,,New Jersey
580854308,2/9/2017,0,2102,0,None,Shoes,404,6552,71,0,Hooray!! 342AHR,Oregon
107172334,11/20/2016,0,3473,0,None,Shoes,618,3530,85,0,,Georgia
166066348,10/16/2010,0,795,0,None,Jeans,187,1578,36,0,,Kentucky
768522679,3/15/2015,0,1424,0,None,Sweater,944,1794,49,0,,Michigan
195840156,6/25/2013,0,340,0,None,Sweater,110,2309,33,0,Hooray!! 342AHR,Pennsylvania
849630105,10/11/2012,0,1219,0,None,Jeans,683,3284,31,0,,Pennsylvania
701816356,7/8/2017,0,1038,0,None,Dress,812,1910,23,0,,Rhode Island
944635236,6/22/2010,0,2541,0,None,Sweater,217,7413,98,0,Hooray!! 342AHR,New Jersey
140635573,2/17/2017,0,3652,0,None,Jeans,432,6046,55,0,,Arizona
972678697,1/14/2011,0,1031,0,None,T-shirt,694,6096,51,0,,Kentucky
793938434,1/9/2016,0,3180,0,None,Shoes,93,2880,70,0,Hooray!! 342AHR,Idaho
177901113,7/18/2011,0,1006,0,None,Sweater,594,3747,86,0,,New York
668365561,3/16/2012,0,2406,0,None,Sweater,69,3077,74,0,,California
729443109,12/15/2010,0,689,0,None,Shoes,305,7281,90,0,,Michigan
695557582,3/2/2013,0,1795,0,None,Shoes,247,9800,72,0,,Ohio
521445310,2/17/2010,0,2491,0,None,Dress,468,6110,38,0,,Montana
232155120,2/19/2013,0,2695,0,None,Sweater,248,8714,81,0,,Louisiana
373048341,10/28/2011,0,1464,0,None,T-shirt,999,2149,68,0,Hooray!! 342AHR,Oklahoma
659798800,10/26/2015,0,2166,0,None,T-shirt,771,7982,82,0,,Idaho
428392827,2/5/2013,0,1877,0,None,Sweater,522,9812,80,0,,Illinois
885129249,8/25/2011,0,2589,0,None,T-shirt,131,8269,50,0,,Delaware
156619393,12/4/2012,0,3802,0,None,T-shirt,521,6014,19,0,,Kentucky
939787089,9/8/2015,0,3536,0,None,T-shirt,825,2739,12,0,,Mississippi
151868665,3/1/2012,0,1041,0,None,Dress,333,168,70,0,Hooray!! 342AHR,North Carolina
180412948,8/5/2014,0,1624,0,None,Sweater,360,7055,24,0,,Indiana
333281266,7/24/2013,0,1659,0,None,Dress,752,4188,72,0,,Alaska
888647449,1/26/2012,0,3293,0,None,Sweater,638,9383,22,0,,Missouri
844997823,3/10/2014,0,3261,0,None,Dress,821,2488,30,0,,Wisconsin
171131217,9/12/2013,0,3611,0,None,Dress,250,385,21,0,,Texas
256158959,1/5/2013,0,2299,0,None,Sweater,844,1983,11,0,,Montana
759504878,10/28/2011,0,1487,0,None,Shoes,83,3226,49,0,,Idaho
960905301,11/21/2010,0,518,0,None,T-shirt,517,2087,74,0,,North Dakota
210409057,10/28/2015,0,1439,0,None,Shoes,894,3570,37,0,,Washington
178377473,7/29/2010,0,3285,0,None,Jeans,738,4713,100,0,Hooray!! 342AHR,Kentucky
805484378,3/30/2014,0,2552,0,None,T-shirt,555,9582,67,0,,Minnesota
752716100,9/14/2016,0,680,0,None,Sweater,833,4276,82,0,Hooray!! 342AHR,Michigan
551371467,9/6/2012,0,226,0,None,Jeans,711,1925,34,0,,Arkansas
353061807,2/8/2013,0,988,0,None,T-shirt,221,7689,49,0,Hooray!! 342AHR,West Virginia
379710948,1/17/2011,0,826,0,None,Jeans,486,3762,69,0,Hooray!! 342AHR,Nebraska
473555219,10/11/2015,0,2852,0,None,T-shirt,890,4368,42,0,,Nevada
547143447,2/21/2011,0,572,0,None,T-shirt,631,760,32,0,,Kentucky
133336961,4/29/2012,0,3692,0,None,Sweater,593,6225,89,0,,Michigan
635309588,8/30/2016,0,3011,0,None,Sweater,353,1080,78,0,,Ohio
376547658,12/20/2014,0,1956,0,None,Shoes,557,7675,85,0,,Maine
450849997,6/28/2010,0,1830,0,None,T-shirt,590,5388,65,0,,Oregon
672327935,2/6/2015,0,612,0,None,Dress,291,5631,64,0,,California
925405299,3/30/2015,0,73,0,None,Jeans,316,6847,68,0,,Georgia
714818418,7/28/2013,0,1216,0,None,Shoes,195,9509,60,0,,Oregon
515616118,1/6/2010,0,1927,0,None,T-shirt,704,1122,38,0,Hooray!! 342AHR,New Mexico
423159730,2/20/2013,0,595,0,None,Sweater,814,1222,48,0,Hooray!! 342AHR,Oklahoma
603123080,8/25/2013,0,3266,0,None,Dress,983,6377,50,0,,Alabama
841492497,11/16/2010,0,980,0,None,Jeans,701,5185,17,0,,New Hampshire
994566810,8/2/2016,0,3536,0,None,Sweater,12,3275,91,0,,Mississippi
538957345,4/25/2013,0,435,0,None,Jeans,657,8310,87,0,,Oklahoma
821587932,3/2/2011,0,2971,0,None,T-shirt,673,4981,83,0,,Kansas
109694898,9/28/2013,0,1217,0,None,Shoes,153,13,31,0,,Utah
340827071,5/5/2014,0,774,0,None,Sweater,190,7159,32,0,,California
372845780,11/28/2014,0,1696,0,None,T-shirt,771,2207,82,0,,Nebraska
933924853,8/30/2014,0,2675,0,None,Sweater,880,7973,48,0,,Florida
572550618,11/20/2013,0,2492,0,None,Shoes,305,9306,90,0,,North Carolina
607521903,2/23/2010,0,372,0,None,T-shirt,736,8086,94,0,,North Carolina
177950036,3/20/2017,0,3435,0,None,T-shirt,388,8225,86,0,,Ohio
293258845,11/8/2015,0,802,0,None,Shoes,181,664,80,0,Hooray!! 342AHR,New Mexico
683184659,8/9/2010,0,98,0,None,Shoes,100,8377,84,0,,Virginia
247776305,11/12/2010,0,2929,0,None,Jeans,246,1370,68,0,,Alabama
207395112,12/14/2011,0,550,0,None,Shoes,610,1677,62,0,Hooray!! 342AHR,Arizona
952714908,1/10/2014,0,2992,0,None,Jeans,973,8367,20,0,,Utah
694722020,10/3/2010,0,341,0,None,T-shirt,785,2539,57,0,,New Jersey
414715278,10/15/2015,0,2886,0,None,Shoes,545,2321,82,0,Hooray!! 342AHR,Nevada
714306008,7/20/2013,0,2799,0,None,Shoes,368,7876,35,0,Hooray!! 342AHR,Rhode Island
465418040,1/19/2016,0,1611,0,None,T-shirt,804,6396,91,0,,Tennessee
860287702,8/17/2013,0,2765,0,None,Dress,653,7103,17,0,,Arizona
461463820,8/16/2016,0,2190,0,None,Sweater,8,6254,64,0,,Wisconsin
151807725,9/25/2013,0,1819,0,None,T-shirt,934,2134,82,0,Hooray!! 342AHR,North Carolina
884493243,8/21/2013,0,1068,0,None,T-shirt,619,61,97,0,Hooray!! 342AHR,Pennsylvania
533006703,12/10/2010,0,1963,0,None,Sweater,86,7383,50,0,,Iowa
641146934,9/4/2012,0,2809,0,None,Shoes,564,8480,31,0,,Tennessee
573025262,10/15/2011,0,285,0,None,Jeans,346,9764,19,0,,Ohio
663065516,8/26/2013,0,1894,0,None,T-shirt,455,4676,51,0,,Delaware
866004025,2/17/2017,0,3619,0,None,T-shirt,780,8691,89,0,Hooray!! 342AHR,Nevada
306889617,10/19/2010,0,3795,0,None,Sweater,864,4312,48,0,,South Dakota
431083619,7/30/2014,0,3212,0,None,Jeans,652,6077,74,0,,Rhode Island
954259860,5/21/2015,0,1341,0,None,Shoes,148,5553,82,0,,Idaho
312404668,5/5/2016,0,879,0,None,T-shirt,718,6338,30,0,,Tennessee
611816871,4/14/2010,0,1928,0,None,Shoes,238,9063,47,0,,Florida
879107797,10/26/2013,0,57,0,None,Jeans,789,6388,99,0,,Mississippi
211201274,7/21/2010,0,1466,0,None,Jeans,249,8005,41,0,,Nebraska
925333631,6/9/2015,0,528,0,None,Jeans,783,5639,59,0,,South Carolina
909053695,6/3/2010,0,1088,0,None,Sweater,518,8044,56,0,,West Virginia
370222795,5/17/2016,0,2589,0,None,Shoes,114,6007,37,0,,Delaware
487014758,8/3/2013,0,343,0,None,Sweater,663,7344,52,0,,Kentucky
257915914,9/15/2013,0,1813,0,None,T-shirt,48,1905,10,0,,Nevada
551725089,7/2/2010,0,1212,0,None,Sweater,248,6569,81,0,,Oklahoma
957553613,12/18/2013,0,3745,0,None,Jeans,511,248,78,0,,New Jersey
234825313,3/19/2016,0,1501,0,None,Shoes,456,8883,14,0,,Alabama
363276517,6/9/2010,0,1930,0,None,Shoes,321,449,40,0,Hooray!! 342AHR,Hawaii
692956054,5/21/2017,0,1426,0,None,Jeans,47,9950,62,0,Hooray!! 342AHR,Wyoming
194225251,6/12/2013,0,434,0,None,Sweater,814,4423,48,0,,Alabama
607757937,2/22/2010,0,467,0,None,Dress,391,7934,25,0,Hooray!! 342AHR,Vermont
594540441,6/29/2012,0,2371,0,None,Sweater,698,6583,85,0,,Alaska
685871589,3/23/2015,0,2967,0,None,Shoes,840,3500,84,0,,Oklahoma
133362710,2/12/2014,0,1589,0,None,Shoes,623,3844,62,0,,Vermont
958937633,5/22/2017,0,96,0,None,Shoes,533,9810,11,0,,Missouri
304832684,8/6/2011,0,3495,0,None,Sweater,903,5620,99,0,,Washington
783596694,11/14/2010,0,2308,0,None,Dress,857,2530,93,0,,Missouri
128090989,4/5/2015,0,1090,0,None,Dress,474,3825,68,0,,Arizona
641489398,7/8/2014,0,3260,0,None,Shoes,454,9823,47,0,,Oklahoma
647278249,8/9/2014,0,3292,0,None,Dress,474,2873,68,0,,New Mexico
339256370,3/13/2011,0,414,0,None,Dress,339,2354,74,0,,Nevada
431535089,3/2/2016,0,3332,0,None,Sweater,161,9677,67,0,,California
808538234,12/19/2015,0,2815,0,None,Dress,138,3286,23,0,,Minnesota
975002133,3/28/2013,0,1779,0,None,Shoes,674,3653,72,0,,Texas
505975615,6/27/2015,0,1917,0,None,Shoes,450,8283,59,0,,Connecticut
396820008,2/18/2016,0,656,0,None,Shoes,58,6714,61,0,,Mississippi
813209140,6/14/2013,0,854,0,None,Sweater,441,5511,50,0,,Delaware
641129338,5/10/2014,0,2668,0,None,Dress,728,3273,63,0,,Maryland
636879432,6/17/2015,0,496,0,None,Shoes,377,5632,54,0,,Michigan
277070748,6/11/2014,0,3818,0,None,Jeans,852,246,83,0,,Missouri
908627116,11/3/2013,0,1659,0,None,Jeans,830,1810,54,0,,Alaska
798784863,4/2/2017,0,3099,0,None,T-shirt,5,7047,79,0,,New Mexico
985092818,5/28/2010,0,646,0,None,T-shirt,988,9711,56,0,,Oklahoma
325412309,5/22/2010,0,1818,0,None,Jeans,267,5588,53,0,,Delaware
447917163,6/2/2016,0,3479,0,None,Jeans,432,7497,55,0,,Arizona
801093709,8/22/2013,0,2915,0,None,Sweater,335,285,88,0,,Pennsylvania
903740775,10/5/2014,0,911,0,None,T-shirt,817,5833,15,0,,South Carolina
794969689,10/31/2010,0,2678,0,None,Sweater,122,8052,36,0,,Connecticut
584204280,11/27/2012,0,2408,0,None,Shoes,767,7884,72,0,,Illinois
901180875,5/22/2010,0,2505,0,None,Jeans,922,8302,45,0,,Rhode Island
645948302,8/31/2012,0,1218,0,None,Sweater,200,9312,45,0,Hooray!! 342AHR,Nebraska
138867890,1/23/2015,0,1110,0,None,Shoes,393,2950,32,0,,Oklahoma
670613467,3/2/2010,0,687,0,None,T-shirt,804,8282,91,0,,Indiana
452171361,5/9/2014,0,949,0,None,T-shirt,938,6409,100,0,,Alabama
464840400,12/28/2010,0,1570,0,None,Jeans,851,5459,46,0,Hooray!! 342AHR,Hawaii
410231912,10/19/2014,0,3812,0,None,Jeans,856,5594,93,0,,Idaho
960269725,1/21/2015,0,2268,0,None,Shoes,269,4006,100,0,,Kentucky
607190167,4/4/2017,0,2539,0,None,T-shirt,937,9919,38,0,,New Jersey
613542068,8/5/2016,0,1194,0,None,T-shirt,640,9587,72,0,,Alaska
962186753,11/26/2016,0,1695,0,None,Shoes,412,1297,63,0,,Mississippi
806298053,9/23/2011,0,2333,0,None,Jeans,973,366,20,0,,South Carolina
719362294,10/24/2010,0,3777,0,None,T-shirt,736,4144,94,0,,Alaska
445178306,8/14/2013,0,2048,0,None,Shoes,301,7008,93,0,Hooray!! 342AHR,Connecticut
247857415,2/4/2013,0,2405,0,None,Shoes,417,5372,88,0,Hooray!! 342AHR,West Virginia
461823451,8/11/2014,0,823,0,None,Sweater,735,2677,28,0,Hooray!! 342AHR,Mississippi
141812741,1/12/2017,0,3170,0,None,Jeans,836,4396,21,0,,Georgia
212874114,7/3/2016,0,3028,0,None,Sweater,384,3036,84,0,,West Virginia
320368897,3/27/2010,0,2189,0,None,Sweater,477,3131,30,0,,California
179970920,6/5/2015,0,2548,0,None,Dress,692,6249,39,0,,Mississippi
927666509,6/27/2012,0,3685,0,None,Shoes,348,5990,76,0,,Pennsylvania
169754493,12/19/2016,0,653,0,None,Shoes,111,2982,55,0,Hooray!! 342AHR,Minnesota
532846200,3/9/2015,0,1312,0,None,Sweater,324,9886,18,0,,Tennessee
213865458,6/18/2013,0,3448,0,None,T-shirt,640,6397,72,0,,Arkansas
630048596,8/12/2011,0,2875,0,None,Shoes,396,4236,74,0,Hooray!! 342AHR,Colorado
568944442,4/17/2014,0,191,0,None,Jeans,711,2158,34,0,,Indiana
238414323,2/3/2012,0,3877,0,None,Shoes,843,951,91,0,Hooray!! 342AHR,Wisconsin
816632068,8/1/2015,0,1872,0,None,T-shirt,599,8431,80,0,,Illinois
402084004,9/11/2013,0,2404,0,None,Dress,291,4447,64,0,,Missouri
763568961,5/8/2015,0,3010,0,None,Jeans,45,5879,85,0,,Louisiana
590198266,5/22/2015,0,1198,0,None,Jeans,540,1637,80,0,,Vermont
441395747,7/3/2013,0,2612,0,None,Jeans,362,7665,15,0,Hooray!! 342AHR,Michigan
496897733,6/16/2010,0,3673,0,None,T-shirt,947,1936,48,0,,New York
106753051,11/8/2011,0,1288,0,None,T-shirt,302,9455,37,0,,Utah
941323029,10/17/2016,0,661,0,None,Sweater,484,7258,47,0,,Montana
241281497,2/2/2014,0,1581,0,None,Dress,569,9412,55,0,,North Dakota
267614781,4/30/2016,0,1849,0,None,T-shirt,600,2016,97,0,Hooray!! 342AHR,Maine
651621711,8/31/2010,0,2329,0,None,Jeans,308,8200,60,0,,North Dakota
644913613,8/8/2015,0,551,0,None,Sweater,110,3124,33,0,,Georgia
469414317,8/18/2016,0,732,0,None,Jeans,585,8983,68,0,,Arkansas
867360150,6/18/2015,0,1761,0,None,T-shirt,465,9998,17,0,,Minnesota
851299941,1/28/2011,0,877,0,None,Shoes,881,7425,20,0,,Nebraska
854095017,2/4/2011,0,2174,0,None,Shoes,116,4550,60,0,,Delaware
478919208,11/3/2012,0,2673,0,None,Jeans,961,1691,40,0,,West Virginia
749258840,9/18/2014,0,2662,0,None,Jeans,39,1196,90,0,,Michigan
958912742,5/17/2012,0,3655,0,None,Dress,480,2444,70,0,,Arkansas
921992242,2/20/2010,0,2250,0,None,Jeans,756,6848,34,0,,Wyoming
522921168,2/28/2017,0,1628,0,None,Jeans,921,2849,24,0,,Maine
166435849,5/17/2013,0,2860,0,None,Shoes,693,921,62,0,,Utah
327585113,11/9/2013,0,2925,0,None,Sweater,877,8569,29,0,,Rhode Island
201730287,1/10/2012,0,2533,0,None,Jeans,809,5330,22,0,,Nebraska
854545199,9/24/2013,0,3845,0,None,Jeans,452,7769,11,0,,Montana
272016179,9/26/2010,0,2305,0,None,Shoes,579,4487,57,0,,Louisiana
110442054,10/21/2014,0,1791,0,None,Dress,728,1113,63,0,,North Carolina
746434152,1/17/2016,0,1790,0,None,Sweater,792,5308,88,0,,Arizona
826916301,12/27/2016,0,1962,0,None,Sweater,877,1764,29,0,Hooray!! 342AHR,Nevada
419124829,8/30/2013,0,1479,0,None,T-shirt,694,7206,51,0,,Washington
560608565,7/7/2014,0,1364,0,None,T-shirt,786,5387,73,0,,Wisconsin
109228837,11/29/2013,0,2186,0,None,T-shirt,704,2095,38,0,,North Carolina
693159472,1/29/2011,0,2881,0,None,T-shirt,50,146,38,0,,Florida
860886800,11/13/2013,0,2037,0,None,Shoes,987,4390,42,0,Hooray!! 342AHR,Minnesota
131209647,4/9/2012,0,3221,0,None,T-shirt,630,6705,84,0,,North Dakota
343239343,6/28/2012,0,75,0,None,T-shirt,907,1004,27,0,,Indiana
706399714,6/8/2010,0,829,0,None,Sweater,956,8228,88,0,,Nevada
950427091,8/23/2010,0,3278,0,None,Sweater,887,1352,88,0,,Texas
875370299,12/11/2014,0,111,0,None,T-shirt,421,379,89,0,,New York
801590669,1/27/2011,0,2631,0,None,T-shirt,421,7347,89,0,,Maine
219762027,5/7/2014,0,3171,0,None,Dress,273,1322,29,0,,Rhode Island
940870702,11/8/2010,0,822,0,None,T-shirt,640,3404,72,0,,Vermont
346215522,3/30/2014,0,822,0,None,Sweater,37,1721,48,0,,Vermont
837407815,7/9/2016,0,221,0,None,Jeans,617,6436,77,0,Hooray!! 342AHR,Arizona
386371409,7/15/2014,0,241,0,None,Shoes,493,4741,88,0,,Montana
185342633,10/14/2013,0,3761,0,None,Shoes,259,5859,27,0,,Connecticut
596870315,1/13/2017,0,1742,0,None,Jeans,941,6045,70,0,,Delaware
703815782,12/22/2012,0,605,0,None,T-shirt,822,3585,48,0,,West Virginia
559352862,4/16/2010,0,693,0,None,Sweater,86,3797,50,0,,North Dakota
736967885,2/27/2011,0,3841,0,None,Jeans,401,4029,93,0,,Idaho
980459678,1/14/2015,0,3891,0,None,Dress,175,8661,55,0,Hooray!! 342AHR,Nebraska
653939568,11/16/2014,0,850,0,None,Dress,931,4105,73,0,Hooray!! 342AHR,Missouri
991831386,1/17/2016,0,2258,0,None,Jeans,314,3803,94,0,,Tennessee
148871457,5/29/2017,0,2205,0,None,Shoes,732,3227,28,0,,Oregon
850108611,2/10/2015,0,2429,0,None,Dress,260,4884,59,0,,Idaho
940904176,12/8/2013,0,831,0,None,Sweater,170,3309,20,0,,Wyoming
136931979,12/10/2015,0,323,0,None,Jeans,92,70,100,0,,Tennessee
474178349,9/4/2016,0,3140,0,None,Sweater,194,8766,92,0,,Georgia
458942115,7/19/2016,0,2698,0,None,Shoes,337,25,80,0,,Delaware
917834603,1/9/2017,0,3029,0,None,Shoes,664,6510,28,0,,California
947779643,11/5/2016,0,3591,0,None,Sweater,998,7913,47,0,,South Dakota
166013562,10/31/2015,0,1838,0,None,T-shirt,595,5957,96,0,,Montana
960085189,1/25/2011,0,124,0,None,Dress,444,9397,31,0,,Louisiana
837855851,11/8/2015,0,2283,0,None,Jeans,51,9020,67,0,,Idaho
977499377,6/24/2010,0,1074,0,None,Jeans,661,2643,71,0,,California
377502095,2/27/2014,0,2029,0,None,Shoes,404,114,71,0,,Ohio
806662833,2/5/2013,0,3197,0,None,Jeans,211,8313,50,0,,Wisconsin
954092919,4/15/2017,0,783,0,None,T-shirt,68,6152,76,0,Hooray!! 342AHR,Hawaii
479216182,4/9/2011,0,514,0,None,Shoes,720,9572,27,0,,New Mexico
461768949,12/13/2010,0,1610,0,None,Shoes,654,6548,42,0,,Nevada
251800048,5/13/2014,0,528,0,None,Jeans,626,2085,29,0,,South Carolina
619670808,1/16/2013,0,2136,0,None,T-shirt,920,3217,95,0,,California
606055057,12/9/2010,0,2312,0,None,Dress,135,4014,14,0,,Montana
671939122,1/24/2013,0,3242,0,None,Shoes,996,573,55,0,Hooray!! 342AHR,Connecticut
448621833,2/25/2014,0,3324,0,None,Jeans,24,6025,15,0,,North Dakota
987714517,7/23/2017,0,1973,0,None,Dress,520,5530,13,0,,Louisiana
711141002,5/7/2016,0,2890,0,None,T-shirt,782,1280,31,0,,Minnesota
361137616,3/24/2012,0,2637,0,None,T-shirt,879,7501,67,0,Hooray!! 342AHR,Utah
750253188,10/3/2011,0,132,0,None,Shoes,402,5446,30,0,,Maine
511349046,12/22/2014,0,412,0,None,Shoes,559,8401,10,0,,Michigan
147599017,8/23/2011,0,1394,0,None,Sweater,217,6684,98,0,Hooray!! 342AHR,Idaho
682489430,4/18/2015,0,2980,0,None,Jeans,585,2644,68,0,,Louisiana
509819114,1/11/2014,0,3855,0,None,Sweater,946,5660,15,0,Hooray!! 342AHR,Florida
343699395,2/27/2012,0,2405,0,None,Shoes,790,7144,34,0,,West Virginia
968554103,4/4/2011,0,251,0,None,Jeans,972,5537,14,0,,Mississippi
989119565,12/26/2013,0,2236,0,None,Jeans,713,1315,75,0,,Illinois
880444610,9/12/2012,0,1837,0,None,T-shirt,640,1980,72,0,,South Carolina
737890565,12/19/2015,0,3442,0,None,T-shirt,934,7071,82,0,,Tennessee
727131259,6/26/2014,0,3695,0,None,Jeans,405,3153,30,0,,Rhode Island
634153020,3/2/2015,0,2406,0,None,Sweater,878,8826,59,0,,California
315254676,8/17/2014,0,3789,0,None,Shoes,94,9719,21,0,Hooray!! 342AHR,Kansas
147047555,7/19/2010,0,1132,0,None,Jeans,762,3494,50,0,,Illinois
576455485,1/14/2013,0,1802,0,None,Shoes,15,4843,54,0,,New Jersey
770714795,7/19/2010,0,886,0,None,Jeans,80,490,21,0,,Ohio
867374312,7/11/2011,0,3752,0,None,Jeans,495,4189,78,0,,Alabama
624295365,5/4/2010,0,639,0,None,Sweater,739,1727,80,0,,Maryland
769651782,10/13/2013,0,855,0,None,Shoes,42,5921,43,0,,California
751929891,7/27/2014,0,348,0,None,Shoes,668,1619,11,0,,Oregon
989928519,4/4/2010,0,689,0,None,Jeans,796,702,86,0,,Michigan
622758996,8/17/2014,0,1406,0,None,Shoes,2,7081,82,0,,New Hampshire
659845149,1/4/2016,0,2685,0,None,T-shirt,780,1698,89,0,Hooray!! 342AHR,Washington
830923306,5/17/2011,0,1614,0,None,Sweater,288,7526,38,0,,Illinois
936042296,2/12/2010,0,1468,0,None,Shoes,397,4571,94,0,Hooray!! 342AHR,Ohio
395563447,2/17/2015,0,3465,0,None,Shoes,573,4869,78,0,,Utah
500160586,6/7/2011,0,1721,0,None,Jeans,67,7487,41,0,Hooray!! 342AHR,Massachusetts
360820043,5/26/2015,0,581,0,None,Shoes,715,3524,84,0,,Iowa
958840644,5/24/2010,0,2947,0,None,T-shirt,648,1109,20,0,,Hawaii
195833718,2/21/2011,0,3813,0,None,Shoes,15,404,54,0,Hooray!! 342AHR,Michigan
543723094,6/28/2014,0,2783,0,None,T-shirt,221,8601,49,0,,Idaho
494745099,10/15/2010,0,1134,0,None,Sweater,110,4924,33,0,Hooray!! 342AHR,Connecticut
411448562,5/18/2010,0,1858,0,None,Sweater,739,5628,80,0,Hooray!! 342AHR,Colorado
276694810,2/2/2017,0,1408,0,None,Jeans,855,8998,88,0,,Nevada
143657672,11/24/2016,0,2799,0,None,Dress,812,352,23,0,,Rhode Island
585823476,12/23/2011,0,103,0,None,T-shirt,215,7040,49,0,,Oklahoma
446991050,12/5/2016,0,921,0,None,Shoes,136,3440,45,0,,Arkansas
891271722,2/16/2017,0,1566,0,None,Shoes,676,5963,11,0,,Idaho
453089320,5/18/2010,0,3758,0,None,T-shirt,770,8053,14,0,,California
887180173,9/7/2010,0,687,0,None,Jeans,540,5183,80,0,,Indiana
418593108,3/12/2014,0,537,0,None,Sweater,519,9858,29,0,,Illinois
492689454,7/16/2010,0,2703,0,None,Sweater,408,6613,62,0,,Texas
825143039,12/5/2016,0,779,0,None,T-shirt,265,7017,60,0,,Massachusetts
751940190,10/8/2013,0,3027,0,None,T-shirt,985,4667,36,0,,Tennessee
579379737,8/9/2016,0,1312,0,None,T-shirt,817,194,15,0,,Tennessee
234073007,10/6/2011,0,824,0,None,Shoes,476,6259,70,0,,Georgia
612943828,2/17/2013,0,1115,0,None,Shoes,146,2554,53,0,,New Hampshire
433228528,12/14/2012,0,1567,0,None,Shoes,610,804,62,0,,Wyoming
282475936,11/20/2015,0,1078,0,None,Dress,498,9762,59,0,Hooray!! 342AHR,West Virginia
368547379,7/7/2012,0,1459,0,None,T-shirt,198,214,67,0,,Missouri
969616687,6/2/2013,0,3290,0,None,T-shirt,655,9980,33,0,Hooray!! 342AHR,Montana
184170186,2/4/2015,0,2805,0,None,Jeans,400,8906,91,0,,South Carolina
681006705,4/28/2011,0,3508,0,None,Sweater,581,3872,83,0,,Colorado
249237573,2/1/2012,0,1122,0,None,Jeans,905,3791,83,0,,Florida
348286616,1/29/2017,0,3756,0,None,Jeans,591,4604,97,0,,Pennsylvania
257890164,12/1/2011,0,331,0,None,Jeans,870,4285,26,0,,North Dakota
228097045,5/8/2017,0,456,0,None,Dress,692,7839,39,0,,Utah
129268586,5/3/2017,0,438,0,None,Sweater,844,2302,11,0,,New Mexico
802078616,10/31/2015,0,2263,0,None,Dress,684,1741,12,0,Hooray!! 342AHR,Arizona
907513463,4/11/2010,0,1949,0,None,Shoes,647,2256,60,0,,Connecticut
976871955,7/17/2010,0,2209,0,None,Jeans,574,6975,92,0,Hooray!! 342AHR,Colorado
261765420,5/31/2012,0,1605,0,None,T-shirt,555,1060,67,0,,Maine
784117686,7/15/2016,0,2544,0,None,Dress,849,6703,60,0,,West Virginia
586165082,1/14/2017,0,827,0,None,Jeans,945,8128,58,0,,Massachusetts
480456435,11/26/2012,0,358,0,None,Sweater,289,6591,18,0,,Arkansas
899853074,10/3/2011,0,1021,0,None,T-shirt,378,5376,45,0,,Delaware
547528827,11/30/2010,0,2759,0,None,Sweater,466,4802,37,0,,Illinois
446970021,5/8/2016,0,2370,0,None,Sweater,948,7217,83,0,,Vermont
791975486,2/27/2016,0,2057,0,None,T-shirt,205,2001,73,0,Hooray!! 342AHR,Minnesota
496656548,8/24/2014,0,2564,0,None,Shoes,971,564,45,0,,Massachusetts
345437037,5/26/2013,0,2435,0,None,Jeans,197,1351,90,0,Hooray!! 342AHR,Utah
743053281,1/26/2015,0,3854,0,None,Shoes,827,4833,92,0,,Tennessee
364554107,1/7/2012,0,3562,0,None,T-shirt,79,8516,11,0,,North Carolina
205300843,10/21/2012,0,849,0,None,Sweater,688,1937,91,0,Hooray!! 342AHR,Delaware
430967319,9/16/2015,0,2479,0,None,Jeans,21,1661,56,0,,Vermont
827539861,6/28/2012,0,1077,0,None,Sweater,792,6289,88,0,Hooray!! 342AHR,North Dakota
351317298,12/2/2014,0,1023,0,None,T-shirt,370,1450,58,0,Hooray!! 342AHR,Nebraska
278910958,2/4/2013,0,794,0,None,Jeans,795,4805,30,0,,Alabama
157244670,2/17/2017,0,1270,0,None,Sweater,416,1047,92,0,Hooray!! 342AHR,Vermont
953554761,6/24/2015,0,3572,0,None,Dress,764,6899,30,0,,North Dakota
105390059,7/30/2016,0,784,0,None,Shoes,840,6115,84,0,,Louisiana
970611894,10/23/2014,0,129,0,None,Shoes,919,4483,96,0,Hooray!! 342AHR,California
677394092,12/16/2016,0,3040,0,None,T-shirt,419,4820,72,0,Hooray!! 342AHR,Alabama
474222981,9/28/2015,0,1658,0,None,Sweater,289,1973,18,0,Hooray!! 342AHR,Indiana
779897391,4/16/2016,0,1209,0,None,Dress,853,7824,20,0,,Wisconsin
733528649,3/27/2017,0,2144,0,None,Jeans,795,6283,30,0,,Arkansas
444540584,6/25/2014,0,313,0,None,T-shirt,306,8292,23,0,,Massachusetts
542669522,7/29/2012,0,3119,0,None,T-shirt,914,6826,46,0,,Virginia
827964293,5/4/2013,0,2423,0,None,Shoes,140,1888,40,0,,Georgia
720786225,2/2/2012,0,2649,0,None,Shoes,863,5516,99,0,,Illinois
611809146,7/24/2016,0,376,0,None,Jeans,460,6777,94,0,,Oklahoma
512019383,11/4/2012,0,1735,0,None,T-shirt,938,6769,100,0,,Missouri
502715766,8/5/2014,0,2230,0,None,Dress,88,3621,61,0,,Minnesota
285509622,10/22/2013,0,873,0,None,Jeans,895,7497,88,0,,North Dakota
532324779,12/1/2014,0,3844,0,None,Jeans,982,5586,11,0,,Georgia
635397565,11/2/2015,0,2354,0,None,T-shirt,220,7114,42,0,,Montana
957276809,10/7/2011,0,1867,0,None,Shoes,559,8335,10,0,Hooray!! 342AHR,Alaska
580823838,2/9/2014,0,2679,0,None,T-shirt,113,7536,60,0,,Montana
459212481,5/29/2016,0,2119,0,None,Sweater,479,33,51,0,,Georgia
265929067,4/8/2013,0,3430,0,None,Shoes,863,3175,99,0,,Alaska
644772422,9/20/2011,0,2177,0,None,T-shirt,846,1343,26,0,,Vermont
959853875,4/12/2012,0,3248,0,None,T-shirt,43,947,39,0,Hooray!! 342AHR,Arkansas
645597255,10/2/2012,0,2861,0,None,Sweater,878,5429,59,0,,Rhode Island
556738889,1/2/2012,0,2850,0,None,Dress,829,264,19,0,Hooray!! 342AHR,New Hampshire
718327605,9/30/2013,0,3206,0,None,T-shirt,215,7956,49,0,,Colorado
775724732,3/10/2015,0,2758,0,None,Dress,366,3041,29,0,,Delaware
444604098,10/26/2010,0,901,0,None,T-shirt,920,7088,95,0,Hooray!! 342AHR,West Virginia
860952031,5/2/2011,0,1486,0,None,T-shirt,331,3693,25,0,,Nebraska
531067359,2/19/2017,0,2630,0,None,Jeans,831,3488,37,0,,New Hampshire
281561410,7/20/2014,0,1211,0,None,Jeans,551,9133,83,0,Hooray!! 342AHR,Missouri
109358012,6/18/2017,0,300,0,None,Sweater,928,321,10,0,,Pennsylvania
531693494,7/19/2010,0,2788,0,None,Shoes,639,8775,26,0,,West Virginia
336116683,8/9/2013,0,3143,0,None,T-shirt,907,3251,27,0,,Kansas
630488908,3/23/2017,0,2880,0,None,T-shirt,382,4534,93,0,,North Dakota
792983996,10/31/2016,0,1542,0,None,Sweater,748,441,45,0,,Illinois
722088277,7/3/2016,0,3224,0,None,T-shirt,800,822,38,0,,Montana
386600577,1/7/2010,0,3768,0,None,Dress,214,2557,98,0,,New York
275632226,12/6/2014,0,100,0,None,T-shirt,428,4556,34,0,,Missouri
948607051,10/16/2015,0,3347,0,None,T-shirt,215,2761,49,0,,Oklahoma
785261380,5/10/2013,0,3040,0,None,Shoes,146,5147,53,0,,Alabama
935644042,3/27/2013,0,3212,0,None,Dress,722,6719,73,0,,Rhode Island
370116364,7/13/2014,0,293,0,None,T-shirt,430,4512,92,0,Hooray!! 342AHR,Utah
829352176,8/16/2013,0,3522,0,None,Jeans,945,2594,58,0,,Maryland
974337804,7/14/2015,0,302,0,None,T-shirt,595,7063,96,0,Hooray!! 342AHR,Pennsylvania
436372077,12/23/2014,0,2893,0,None,Jeans,309,1050,17,0,,Nevada
267066323,4/27/2015,0,928,0,None,Jeans,541,9715,17,0,,New Mexico
688344371,3/14/2017,0,3354,0,None,Dress,115,5251,64,0,,Ohio
642442548,10/2/2014,0,2799,0,None,Jeans,982,1881,11,0,,Rhode Island
941909682,7/13/2014,0,1456,0,None,Shoes,529,861,59,0,,Alabama
219607102,7/31/2016,0,3857,0,None,Sweater,581,5477,83,0,,Virginia
778708636,8/30/2010,0,203,0,None,Jeans,789,6045,99,0,Hooray!! 342AHR,Nebraska
942700612,4/22/2010,0,2227,0,None,T-shirt,595,4915,96,0,Hooray!! 342AHR,Missouri
905381858,3/9/2011,0,1728,0,None,Dress,538,1466,94,0,,Virginia
480863702,1/13/2010,0,2428,0,None,Sweater,803,7110,13,0,,Oregon
453569972,1/6/2016,0,3117,0,None,Dress,485,289,70,0,,Montana
328236997,8/17/2016,0,2806,0,None,Dress,359,1476,68,0,Hooray!! 342AHR,Nevada
579913604,10/22/2011,0,399,0,None,Shoes,448,8177,53,0,,Montana
403961122,2/12/2010,0,316,0,None,Jeans,766,9928,40,0,,Wisconsin
866053378,5/29/2017,0,3375,0,None,Dress,821,3295,30,0,,Nevada
852176702,4/17/2010,0,2955,0,None,Shoes,720,6878,27,0,,South Dakota
218629920,9/8/2015,0,1884,0,None,Dress,734,6307,80,0,Hooray!! 342AHR,Georgia
242024362,2/13/2016,0,1497,0,None,Jeans,727,9242,11,0,,Idaho
469283854,2/16/2014,0,2821,0,None,Dress,274,376,18,0,,Vermont
967644727,4/22/2013,0,2772,0,None,Jeans,275,6433,93,0,,Maryland
974655807,7/15/2014,0,215,0,None,Jeans,865,1167,80,0,,Hawaii
248178422,3/7/2012,0,405,0,None,T-shirt,436,365,99,0,,Delaware
416386401,1/14/2013,0,3094,0,None,Sweater,184,6844,67,0,,Pennsylvania
927766072,5/22/2017,0,82,0,None,Jeans,730,5453,68,0,,Virginia
401116263,3/23/2015,0,1916,0,None,Dress,26,8071,21,0,,Alabama
675548303,9/28/2012,0,157,0,None,Shoes,367,8610,31,0,Hooray!! 342AHR,Missouri
960486018,6/6/2013,0,319,0,None,Dress,252,8012,25,0,,South Dakota
985665738,4/2/2014,0,2324,0,None,Sweater,675,9250,29,0,,Maryland
551136291,1/13/2017,0,1028,0,None,Jeans,747,2331,73,0,Hooray!! 342AHR,Ohio
877259004,2/3/2017,0,1792,0,None,Jeans,831,9289,37,0,,Montana
554707705,8/5/2014,0,598,0,None,Sweater,877,9192,29,0,Hooray!! 342AHR,Alaska
494468724,10/6/2010,0,2055,0,None,Jeans,917,3139,23,0,,New Jersey
777840888,9/10/2011,0,1440,0,None,T-shirt,648,9259,20,0,Hooray!! 342AHR,New Mexico
206435525,12/12/2016,0,163,0,None,Sweater,84,7714,42,0,,California
352176463,10/26/2015,0,3538,0,None,Jeans,921,5696,24,0,Hooray!! 342AHR,Georgia
607300031,10/14/2013,0,2478,0,None,Jeans,535,2429,87,0,,California
434355056,8/17/2013,0,3672,0,None,T-shirt,631,4168,32,0,,Illinois
716202867,8/7/2011,0,1192,0,None,Sweater,864,9199,48,0,,Indiana
606017291,5/22/2016,0,2038,0,None,Dress,280,2838,19,0,Hooray!! 342AHR,Illinois
677284657,1/13/2015,0,920,0,None,T-shirt,934,2436,82,0,,Massachusetts
673803794,7/22/2014,0,1873,0,None,Shoes,58,2371,61,0,,Alaska
859686028,6/25/2015,0,3042,0,None,Shoes,773,9055,74,0,,Rhode Island
669355189,8/10/2015,0,594,0,None,T-shirt,873,5930,27,0,,Alaska
957547605,10/19/2013,0,2662,0,None,Sweater,769,8470,28,0,,Michigan
849312102,10/9/2013,0,708,0,None,Shoes,167,9180,43,0,,Louisiana
890010011,9/26/2012,0,2023,0,None,Jeans,656,2595,79,0,,Alabama
795315158,10/2/2012,0,3174,0,None,Shoes,750,284,57,0,,Washington
801213872,12/11/2016,0,3768,0,None,Dress,841,5844,37,0,,New York
314004981,7/26/2010,0,2171,0,None,Jeans,189,9907,15,0,,South Carolina
160299813,3/27/2010,0,3086,0,None,Dress,678,5132,85,0,,Nevada
337022197,9/11/2014,0,1678,0,None,Jeans,119,1212,73,0,Hooray!! 342AHR,Oregon
461408460,3/9/2016,0,371,0,None,Shoes,732,9872,28,0,,Oregon
221007430,10/19/2011,0,2199,0,None,Jeans,961,9865,40,0,Hooray!! 342AHR,New York
723680436,10/31/2014,0,1779,0,None,T-shirt,977,1978,91,0,,Texas
447601306,2/23/2013,0,3311,0,None,Jeans,754,4028,79,0,Hooray!! 342AHR,Iowa
191256368,10/25/2010,0,2193,0,None,Dress,818,5864,36,0,,Virginia
823444449,10/4/2016,0,2042,0,None,Dress,242,4366,52,0,,New York
133276879,9/4/2010,0,1843,0,None,T-shirt,525,8445,58,0,,Alabama
480177485,12/22/2014,0,1846,0,None,Sweater,484,4043,47,0,,Delaware
243882596,4/8/2015,0,3036,0,None,Dress,222,9135,36,0,,Kentucky
574441039,3/2/2017,0,1873,0,None,Jeans,425,8724,96,0,,Alaska
442214143,3/14/2012,0,2374,0,None,T-shirt,302,9847,37,0,,Michigan
687875735,11/22/2011,0,434,0,None,T-shirt,694,6571,51,0,,Alabama
872412145,9/8/2013,0,2476,0,None,Jeans,418,4995,34,0,,California
627122199,4/23/2012,0,1543,0,None,Dress,473,8250,51,0,,Hawaii
103617227,2/14/2011,0,3705,0,None,Dress,366,1495,29,0,,Missouri
423821055,10/6/2010,0,800,0,None,T-shirt,627,6923,94,0,,Nevada
529970014,12/8/2012,0,3663,0,None,Dress,280,8759,19,0,,Rhode Island
334612929,8/17/2016,0,1699,0,None,Dress,82,8256,31,0,,Iowa
270611131,4/23/2014,0,3663,0,None,Shoes,2,8702,82,0,Hooray!! 342AHR,Rhode Island
841138446,11/18/2010,0,717,0,None,T-shirt,615,413,67,0,Hooray!! 342AHR,Missouri
369681203,4/22/2012,0,3098,0,None,Sweater,338,5738,70,0,Hooray!! 342AHR,Delaware
850038230,4/5/2014,0,3114,0,None,Jeans,182,4057,68,0,Hooray!! 342AHR,Nebraska
296320855,6/21/2013,0,1495,0,None,Shoes,532,6781,21,0,,Montana
392952907,7/13/2011,0,3575,0,None,Shoes,668,2352,11,0,Hooray!! 342AHR,New York
644670712,2/1/2011,0,2725,0,None,Sweater,492,1245,69,0,Hooray!! 342AHR,Missouri
626523101,1/27/2012,0,1807,0,None,Jeans,905,963,83,0,,Rhode Island
433871400,6/24/2015,0,1806,0,None,Sweater,710,1044,58,0,,Arizona
232389438,1/3/2012,0,1331,0,None,Shoes,918,8054,73,0,,Vermont
708063542,2/21/2016,0,1639,0,None,Shoes,618,592,85,0,,Tennessee
817192542,12/4/2016,0,885,0,None,Jeans,982,4288,11,0,Hooray!! 342AHR,Hawaii
936387765,1/16/2012,0,2840,0,None,Shoes,429,6803,94,0,,South Dakota
612573039,8/6/2011,0,1216,0,None,Dress,386,2830,17,0,,Oregon
812984693,8/12/2011,0,334,0,None,T-shirt,388,9092,86,0,,Alaska
775171554,12/18/2012,0,3335,0,None,T-shirt,53,9344,16,0,,California
256994950,1/10/2010,0,765,0,None,Jeans,246,9372,68,0,,Virginia
886628711,2/28/2017,0,2249,0,None,Dress,582,1993,70,0,,Rhode Island
312559163,12/8/2011,0,1972,0,None,Dress,82,2057,31,0,,Pennsylvania
753585135,8/18/2014,0,2241,0,None,T-shirt,336,1443,28,0,,California
448817956,4/19/2016,0,2645,0,None,Jeans,551,4062,83,0,Hooray!! 342AHR,New Mexico
407681453,11/6/2012,0,3658,0,None,T-shirt,934,856,82,0,,Alabama
359911954,5/27/2016,0,3405,0,None,Shoes,902,4800,40,0,,South Carolina
105558288,8/18/2013,0,1881,0,None,T-shirt,697,5898,99,0,,New Jersey
864981782,12/31/2014,0,112,0,None,Dress,983,6186,50,0,,Massachusetts
328856265,2/4/2013,0,2431,0,None,T-shirt,642,4732,22,0,,North Dakota
308168065,9/23/2016,0,3768,0,None,Jeans,809,2633,22,0,,New York
884216010,11/1/2016,0,3620,0,None,Sweater,518,8021,56,0,,North Carolina
858611428,12/27/2012,0,3418,0,None,Sweater,77,1057,90,0,,Massachusetts
903278148,3/10/2017,0,2878,0,None,Shoes,385,8932,35,0,,New Jersey
410452497,3/17/2012,0,1227,0,None,Shoes,323,870,95,0,,Ohio
642683303,12/17/2015,0,2184,0,None,T-shirt,524,3126,47,0,,Kansas
682831895,2/18/2017,0,3566,0,None,T-shirt,723,3987,97,0,,Pennsylvania
584072101,11/5/2016,0,1608,0,None,Dress,52,8769,59,0,,Vermont
919890248,4/9/2017,0,429,0,None,T-shirt,27,4821,72,0,,Wyoming
534085166,4/18/2010,0,2177,0,None,T-shirt,150,6524,43,0,Hooray!! 342AHR,Vermont
590768182,8/1/2011,0,1062,0,None,T-shirt,284,288,23,0,,Idaho
524363124,5/12/2011,0,953,0,None,T-shirt,785,9556,57,0,,Idaho
289606320,1/25/2016,0,2325,0,None,Sweater,731,9801,62,0,,Oregon
811546599,4/10/2014,0,476,0,None,Jeans,905,3528,83,0,,Ohio
